Mã sách,Tên sách,NXB,Giá gốc,Số lượng đã bán,ISBN10,ISBN13
BK0001,Lập Trình Python Cơ Bản,NXB Trẻ,10.32,1957,1127553062,9781127553068
BK0002,Kỹ Năng Lãnh Đạo,NXB Giáo Dục,53.74,2732,6371431463,9786371431469
BK0003,Hành Trình Tri Thức,NXB Giáo Dục,41.28,4830,1057048453,9781057048450
BK0004,Khởi Nghiệp Thông Minh,NXB Giáo Dục,72.81,2427,5192494370,9785192494370
BK0005,Hành Trình Tri Thức,NXB Trẻ,40.17,1228,4407609680,9784407609684
BK0006,Khám Phá Vũ Trụ,NXB Lao Động,38.39,3157,4064088301,9784064088303
BK0007,Trí Tuệ Nhân Tạo Ứng Dụng,NXB Hội Nhà Văn,40.66,4978,6141055559,9786141055550
BK0008,Marketing Số Hiện Đại,NXB Hội Nhà Văn,94.64,4085,5209994740,9785209994749
BK0009,Dữ Liệu Lớn Và Phân Tích,NXB Trẻ,29.9,891,7369940500,9787369940505
BK0010,Khởi Nghiệp Thông Minh,NXB Kim Đồng,69.78,2247,8110485839,9788110485832
BK0011,Dữ Liệu Lớn Và Phân Tích,NXB Kim Đồng,90.49,4606,7734030645,9787734030640
BK0012,Dữ Liệu Lớn Và Phân Tích,NXB Kim Đồng,55.51,3120,9621376149,9789621376145
BK0013,Kỹ Năng Lãnh Đạo,NXB Kim Đồng,91.63,4441,476113514X,9784761135140
BK0014,Khám Phá Vũ Trụ,NXB Giáo Dục,72.15,3280,1326412817,9781326412814
BK0015,Marketing Số Hiện Đại,NXB Giáo Dục,42.21,4788,9212143997,9789212143996
BK0016,Hành Trình Tri Thức,NXB Trẻ,40.05,1624,7745116538,9787745116531
BK0017,Marketing Số Hiện Đại,NXB Hội Nhà Văn,87.78,2992,9993356522,9789993356523
BK0018,Hành Trình Tri Thức,NXB Trẻ,21.92,3567,4979139078,9784979139077
BK0019,Marketing Số Hiện Đại,NXB Hội Nhà Văn,85.05,3706,3429305586,9783429305581
BK0020,Nghệ Thuật Giao Tiếp,NXB Lao Động,63.5,3035,6489205971,9786489205976
BK0021,Hành Trình Tri Thức,NXB Kim Đồng,37.83,4685,1852414928,9781852414924
BK0022,Lập Trình Python Cơ Bản,NXB Hội Nhà Văn,17.18,1075,7416036682,9787416036687
BK0023,Trí Tuệ Nhân Tạo Ứng Dụng,NXB Giáo Dục,14.02,3319,9272616069,9789272616065
BK0024,Trí Tuệ Nhân Tạo Ứng Dụng,NXB Trẻ,71.7,3740,8746513310,9788746513312
BK0025,Dữ Liệu Lớn Và Phân Tích,NXB Giáo Dục,71.67,2607,655461589X,9786554615891
BK0026,Dữ Liệu Lớn Và Phân Tích,NXB Lao Động,80.91,2017,3633325115,9783633325115
BK0027,Kỹ Năng Lãnh Đạo,NXB Kim Đồng,27.08,3631,3432385390,9783432385396
BK0028,Dữ Liệu Lớn Và Phân Tích,NXB Lao Động,79.66,2484,1019066377,9781019066379
BK0029,Marketing Số Hiện Đại,NXB Kim Đồng,88.54,3485,3104101205,9783104101200
BK0030,Khám Phá Vũ Trụ,NXB Lao Động,29.9,4053,1413120857,9781413120851
BK0031,Dữ Liệu Lớn Và Phân Tích,NXB Trẻ,19.21,446,6188199972,9786188199972
BK0032,Dữ Liệu Lớn Và Phân Tích,NXB Lao Động,27.39,4828,6268749375,9786268749370
BK0033,Khám Phá Vũ Trụ,NXB Trẻ,92.56,2363,3780975025,9783780975027
BK0034,Hành Trình Tri Thức,NXB Kim Đồng,91.8,3611,0464745454,9780464745457
BK0035,Lập Trình Python Cơ Bản,NXB Giáo Dục,38.53,746,5688936916,9785688936919
BK0036,Nghệ Thuật Giao Tiếp,NXB Giáo Dục,47.9,979,1357362374,9781357362379
BK0037,Marketing Số Hiện Đại,NXB Lao Động,26.33,4286,3942675544,9783942675543
BK0038,Kỹ Năng Lãnh Đạo,NXB Trẻ,71.27,1755,9099252609,9789099252606
BK0039,Nghệ Thuật Giao Tiếp,NXB Kim Đồng,91.36,4612,228308363X,9782283083635
BK0040,Tư Duy Phản Biện,NXB Trẻ,17.79,4963,8398228229,9788398228220
BK0041,Kỹ Năng Lãnh Đạo,NXB Giáo Dục,33.38,1162,7792399850,9787792399857
BK0042,Khám Phá Vũ Trụ,NXB Giáo Dục,61.78,4708,7087256955,9787087256957
BK0043,Marketing Số Hiện Đại,NXB Kim Đồng,88.54,4344,3399475209,9783399475208
BK0044,Hành Trình Tri Thức,NXB Trẻ,36.7,3516,9028220925,9789028220928
BK0045,Trí Tuệ Nhân Tạo Ứng Dụng,NXB Trẻ,39.39,2892,4530630080,9784530630081
BK0046,Dữ Liệu Lớn Và Phân Tích,NXB Kim Đồng,85.79,4667,5601696403,9785601696401
BK0047,Tư Duy Phản Biện,NXB Giáo Dục,86.42,4300,9642425300,9789642425303
BK0048,Hành Trình Tri Thức,NXB Trẻ,15.85,4527,6195844241,9786195844247
BK0049,Khám Phá Vũ Trụ,NXB Lao Động,97.0,4244,1253048010,9781253048018
BK0050,Nghệ Thuật Giao Tiếp,NXB Giáo Dục,26.87,1145,0166035696,9780166035696
BK0051,Marketing Số Hiện Đại,NXB Giáo Dục,93.91,2435,6877023706,9786877023700
BK0052,Trí Tuệ Nhân Tạo Ứng Dụng,NXB Hội Nhà Văn,32.46,3322,5544902003,9785544902003
BK0053,Khởi Nghiệp Thông Minh,NXB Hội Nhà Văn,53.58,2295,6605795555,9786605795558
BK0054,Hành Trình Tri Thức,NXB Kim Đồng,35.48,595,7705346796,9787705346794
BK0055,Lập Trình Python Cơ Bản,NXB Hội Nhà Văn,70.8,4912,5676034866,9785676034863
BK0056,Dữ Liệu Lớn Và Phân Tích,NXB Lao Động,55.64,3472,7240986594,9787240986592
BK0057,Khám Phá Vũ Trụ,NXB Hội Nhà Văn,9.8,2694,0734269463,9780734269461
BK0058,Khởi Nghiệp Thông Minh,NXB Giáo Dục,39.74,953,8323679630,9788323679639
BK0059,Lập Trình Python Cơ Bản,NXB Hội Nhà Văn,86.35,1900,1929864507,9781929864508
BK0060,Tư Duy Phản Biện,NXB Trẻ,74.31,1498,0106962655,9780106962655
BK0061,Nghệ Thuật Giao Tiếp,NXB Kim Đồng,72.4,4383,1263532810,9781263532811
BK0062,Dữ Liệu Lớn Và Phân Tích,NXB Hội Nhà Văn,32.45,1551,7170453576,9787170453577
BK0063,Khởi Nghiệp Thông Minh,NXB Trẻ,18.05,679,2065845317,9782065845314
BK0064,Khởi Nghiệp Thông Minh,NXB Kim Đồng,43.53,4319,2792717742,9782792717748
BK0065,Hành Trình Tri Thức,NXB Kim Đồng,98.02,3915,4064058224,9784064058221
BK0066,Lập Trình Python Cơ Bản,NXB Lao Động,13.9,2476,1921248378,9781921248375
BK0067,Nghệ Thuật Giao Tiếp,NXB Lao Động,14.85,4696,378224432X,9783782244329
BK0068,Lập Trình Python Cơ Bản,NXB Kim Đồng,98.29,737,2473726299,9782473726298
BK0069,Khám Phá Vũ Trụ,NXB Trẻ,68.8,1676,1603746676,9781603746670
BK0070,Dữ Liệu Lớn Và Phân Tích,NXB Giáo Dục,82.04,3271,7627578167,9787627578167
BK0071,Khởi Nghiệp Thông Minh,NXB Kim Đồng,66.25,2866,1483042677,9781483042671
BK0072,Kỹ Năng Lãnh Đạo,NXB Kim Đồng,55.02,1364,344217953X,9783442179534
BK0073,Tư Duy Phản Biện,NXB Giáo Dục,49.08,656,0329015486,9780329015480
BK0074,Tư Duy Phản Biện,NXB Hội Nhà Văn,16.33,2627,3947525273,9783947525270
BK0075,Marketing Số Hiện Đại,NXB Giáo Dục,93.14,272,3647810479,9783647810478
BK0076,Tư Duy Phản Biện,NXB Hội Nhà Văn,96.95,4276,3683108991,9783683108997
BK0077,Kỹ Năng Lãnh Đạo,NXB Trẻ,53.72,1128,1256901342,9781256901341
BK0078,Kỹ Năng Lãnh Đạo,NXB Giáo Dục,91.52,4268,2948191564,9782948191569
BK0079,Hành Trình Tri Thức,NXB Hội Nhà Văn,60.86,4607,6741199098,9786741199098
BK0080,Kỹ Năng Lãnh Đạo,NXB Hội Nhà Văn,20.5,1336,4006197349,9784006197346
BK0081,Dữ Liệu Lớn Và Phân Tích,NXB Kim Đồng,25.02,4168,934039657X,9789340396578
BK0082,Nghệ Thuật Giao Tiếp,NXB Hội Nhà Văn,93.13,3480,0410008044,9780410008049
BK0083,Lập Trình Python Cơ Bản,NXB Kim Đồng,81.01,4945,5226064748,9785226064746
BK0084,Kỹ Năng Lãnh Đạo,NXB Kim Đồng,74.62,3380,6361991113,9786361991119
BK0085,Marketing Số Hiện Đại,NXB Hội Nhà Văn,79.4,1264,0705968936,9780705968935
BK0086,Dữ Liệu Lớn Và Phân Tích,NXB Giáo Dục,53.75,1925,2683940629,9782683940620
BK0087,Marketing Số Hiện Đại,NXB Trẻ,72.95,2466,3006972627,9783006972625
BK0088,Kỹ Năng Lãnh Đạo,NXB Hội Nhà Văn,74.13,3405,7979404602,9787979404602
BK0089,Hành Trình Tri Thức,NXB Giáo Dục,95.63,4237,7347996937,9787347996937
BK0090,Hành Trình Tri Thức,NXB Giáo Dục,22.62,1217,2539057152,9782539057151
BK0091,Marketing Số Hiện Đại,NXB Giáo Dục,98.69,2019,630504144X,9786305041443
BK0092,Tư Duy Phản Biện,NXB Giáo Dục,52.51,1478,2668370256,9782668370251
BK0093,Tư Duy Phản Biện,NXB Giáo Dục,20.7,980,9642458934,9789642458936
BK0094,Dữ Liệu Lớn Và Phân Tích,NXB Giáo Dục,77.11,3617,942520862X,9789425208628
BK0095,Dữ Liệu Lớn Và Phân Tích,NXB Hội Nhà Văn,9.9,1177,1099689961,9781099689963
BK0096,Hành Trình Tri Thức,NXB Kim Đồng,19.94,2781,8653333355,9788653333355
BK0097,Lập Trình Python Cơ Bản,NXB Hội Nhà Văn,79.52,4919,0786157895,9780786157891
BK0098,Tư Duy Phản Biện,NXB Giáo Dục,27.81,1903,0878052054,9780878052059
BK0099,Kỹ Năng Lãnh Đạo,NXB Giáo Dục,79.47,2985,8917163130,9788917163131
BK0100,Trí Tuệ Nhân Tạo Ứng Dụng,NXB Giáo Dục,8.92,1569,7881917601,9787881917603
BK0101,Hành Trình Tri Thức,NXB Lao Động,94.95,2800,3783711630,9783783711639
BK0102,Khởi Nghiệp Thông Minh,NXB Hội Nhà Văn,86.17,284,6467433831,9786467433834
BK0103,Dữ Liệu Lớn Và Phân Tích,NXB Trẻ,44.34,3151,599366939X,9785993669397
BK0104,Kỹ Năng Lãnh Đạo,NXB Kim Đồng,84.03,4222,0912316039,9780912316031
BK0105,Hành Trình Tri Thức,NXB Lao Động,98.58,1741,0601402219,9780601402212
BK0106,Marketing Số Hiện Đại,NXB Kim Đồng,95.04,4039,4397766932,9784397766930
BK0107,Lập Trình Python Cơ Bản,NXB Kim Đồng,8.65,3603,9134687092,9789134687097
BK0108,Hành Trình Tri Thức,NXB Kim Đồng,16.41,462,8795589856,9788795589856
BK0109,Marketing Số Hiện Đại,NXB Hội Nhà Văn,70.32,374,9954285598,9789954285596
BK0110,Kỹ Năng Lãnh Đạo,NXB Lao Động,89.78,2377,7953801566,9787953801564
BK0111,Khám Phá Vũ Trụ,NXB Giáo Dục,19.05,2269,7645351063,9787645351063
BK0112,Lập Trình Python Cơ Bản,NXB Trẻ,26.76,4510,8194037093,9788194037095
BK0113,Khởi Nghiệp Thông Minh,NXB Giáo Dục,59.99,4080,712900620X,9787129006205
BK0114,Kỹ Năng Lãnh Đạo,NXB Trẻ,51.69,139,9921622579,9789921622577
BK0115,Khởi Nghiệp Thông Minh,NXB Hội Nhà Văn,78.37,4844,2492599027,9782492599026
BK0116,Hành Trình Tri Thức,NXB Hội Nhà Văn,61.55,2199,9245754081,9789245754084
BK0117,Kỹ Năng Lãnh Đạo,NXB Kim Đồng,73.85,159,7270072094,9787270072098
BK0118,Khởi Nghiệp Thông Minh,NXB Trẻ,29.47,663,3410192786,9783410192787
BK0119,Lập Trình Python Cơ Bản,NXB Giáo Dục,8.53,738,6768819674,9786768819672
BK0120,Nghệ Thuật Giao Tiếp,NXB Trẻ,61.1,125,1416237984,9781416237983
BK0121,Lập Trình Python Cơ Bản,NXB Lao Động,89.4,2305,2087276110,9782087276110
BK0122,Kỹ Năng Lãnh Đạo,NXB Trẻ,32.55,121,8880248685,9788880248682
BK0123,Tư Duy Phản Biện,NXB Hội Nhà Văn,16.99,1875,4560303886,9784560303887
BK0124,Marketing Số Hiện Đại,NXB Hội Nhà Văn,70.51,689,0660065517,9780660065519
BK0125,Lập Trình Python Cơ Bản,NXB Trẻ,48.96,4461,7805169357,9787805169354
BK0126,Tư Duy Phản Biện,NXB Kim Đồng,97.8,296,6287958375,9786287958371
BK0127,Khám Phá Vũ Trụ,NXB Hội Nhà Văn,66.53,95,3294687249,9783294687249
BK0128,Hành Trình Tri Thức,NXB Kim Đồng,19.69,3790,0214958396,9780214958397
BK0129,Lập Trình Python Cơ Bản,NXB Hội Nhà Văn,87.51,2591,5956096632,9785956096635
BK0130,Nghệ Thuật Giao Tiếp,NXB Lao Động,16.05,3420,4691422870,9784691422877
BK0131,Tư Duy Phản Biện,NXB Giáo Dục,75.11,1316,8068060456,9788068060457
BK0132,Hành Trình Tri Thức,NXB Trẻ,37.8,1586,5002615686,9785002615681
BK0133,Dữ Liệu Lớn Và Phân Tích,NXB Kim Đồng,59.12,1728,4926056836,9784926056839
BK0134,Dữ Liệu Lớn Và Phân Tích,NXB Kim Đồng,59.21,4911,333377996X,9783333779966
BK0135,Trí Tuệ Nhân Tạo Ứng Dụng,NXB Lao Động,74.41,3459,5179136210,9785179136217
BK0136,Trí Tuệ Nhân Tạo Ứng Dụng,NXB Lao Động,19.9,4566,440525687X,9784405256873
BK0137,Trí Tuệ Nhân Tạo Ứng Dụng,NXB Kim Đồng,51.75,3088,4994971080,9784994971089
BK0138,Kỹ Năng Lãnh Đạo,NXB Lao Động,80.49,2675,5438857490,9785438857495
BK0139,Marketing Số Hiện Đại,NXB Lao Động,46.35,1344,9273939074,9789273939071
BK0140,Hành Trình Tri Thức,NXB Hội Nhà Văn,25.58,2389,0425079023,9780425079027
BK0141,Khám Phá Vũ Trụ,NXB Giáo Dục,97.9,2427,1456633953,9781456633950
BK0142,Kỹ Năng Lãnh Đạo,NXB Giáo Dục,31.59,67,0344414159,9780344414152
BK0143,Lập Trình Python Cơ Bản,NXB Hội Nhà Văn,83.46,4510,5418517775,9785418517777
BK0144,Marketing Số Hiện Đại,NXB Kim Đồng,66.43,3413,7447781606,9787447781600
BK0145,Lập Trình Python Cơ Bản,NXB Lao Động,38.99,1276,0210608579,9780210608579
BK0146,Hành Trình Tri Thức,NXB Hội Nhà Văn,50.05,622,5418793926,9785418793928
BK0147,Lập Trình Python Cơ Bản,NXB Kim Đồng,54.23,3288,840882144X,9788408821441
BK0148,Khởi Nghiệp Thông Minh,NXB Trẻ,49.63,239,7566868942,9787566868947
BK0149,Dữ Liệu Lớn Và Phân Tích,NXB Lao Động,40.84,4679,5279616133,9785279616138
BK0150,Trí Tuệ Nhân Tạo Ứng Dụng,NXB Giáo Dục,12.42,4313,1865562785,9781865562780
BK0151,Khởi Nghiệp Thông Minh,NXB Trẻ,75.44,2123,4450103122,9784450103122
BK0152,Khởi Nghiệp Thông Minh,NXB Giáo Dục,29.69,714,6240993824,9786240993821
BK0153,Dữ Liệu Lớn Và Phân Tích,NXB Trẻ,84.61,933,134466718X,9781344667180
BK0154,Lập Trình Python Cơ Bản,NXB Kim Đồng,40.1,4811,9241005785,9789241005784
BK0155,Khám Phá Vũ Trụ,NXB Kim Đồng,98.89,2949,6588791542,9786588791547
BK0156,Khởi Nghiệp Thông Minh,NXB Trẻ,26.03,4923,2485156158,9782485156151
BK0157,Nghệ Thuật Giao Tiếp,NXB Trẻ,86.98,1171,9451789111,9789451789115
BK0158,Trí Tuệ Nhân Tạo Ứng Dụng,NXB Kim Đồng,14.06,151,7432191425,9787432191421
BK0159,Nghệ Thuật Giao Tiếp,NXB Lao Động,20.16,1356,8335091722,9788335091726
BK0160,Kỹ Năng Lãnh Đạo,NXB Hội Nhà Văn,76.67,2794,4161283350,9784161283359
BK0161,Marketing Số Hiện Đại,NXB Kim Đồng,68.36,3166,4915532623,9784915532627
BK0162,Trí Tuệ Nhân Tạo Ứng Dụng,NXB Giáo Dục,82.8,3482,0986911410,9780986911415
BK0163,Khởi Nghiệp Thông Minh,NXB Lao Động,51.7,2550,9211692814,9789211692815
BK0164,Khởi Nghiệp Thông Minh,NXB Kim Đồng,99.93,2366,1220659304,9781220659308
BK0165,Nghệ Thuật Giao Tiếp,NXB Kim Đồng,37.1,1458,8692775002,9788692775000
BK0166,Hành Trình Tri Thức,NXB Lao Động,19.65,4418,2231057808,9782231057800
BK0167,Dữ Liệu Lớn Và Phân Tích,NXB Lao Động,13.39,3826,6744842358,9786744842359
BK0168,Khám Phá Vũ Trụ,NXB Kim Đồng,27.94,533,3911347278,9783911347273
BK0169,Tư Duy Phản Biện,NXB Hội Nhà Văn,29.27,4148,3610832843,9783610832841
BK0170,Kỹ Năng Lãnh Đạo,NXB Trẻ,67.52,1621,1013793765,9781013793769
BK0171,Dữ Liệu Lớn Và Phân Tích,NXB Giáo Dục,58.79,3585,5256323679,9785256323677
BK0172,Kỹ Năng Lãnh Đạo,NXB Trẻ,42.29,3981,5303563316,9785303563315
BK0173,Trí Tuệ Nhân Tạo Ứng Dụng,NXB Hội Nhà Văn,73.7,2738,5955447903,9785955447902
BK0174,Khởi Nghiệp Thông Minh,NXB Giáo Dục,64.58,3166,3609613688,9783609613680
BK0175,Tư Duy Phản Biện,NXB Trẻ,82.19,3309,9343260881,9789343260883
BK0176,Khởi Nghiệp Thông Minh,NXB Hội Nhà Văn,23.42,723,3954466287,9783954466283
BK0177,Khởi Nghiệp Thông Minh,NXB Hội Nhà Văn,44.28,4518,9573782979,9789573782971
BK0178,Hành Trình Tri Thức,NXB Giáo Dục,13.0,1591,8830851027,9788830851023
BK0179,Kỹ Năng Lãnh Đạo,NXB Giáo Dục,38.67,1073,9119869444,9789119869449
BK0180,Lập Trình Python Cơ Bản,NXB Lao Động,12.91,3499,8734893512,9788734893518
BK0181,Hành Trình Tri Thức,NXB Lao Động,45.57,477,5680505495,9785680505496
BK0182,Nghệ Thuật Giao Tiếp,NXB Trẻ,45.27,4494,2156173265,9782156173265
BK0183,Khám Phá Vũ Trụ,NXB Kim Đồng,46.5,2805,1574232983,9781574232981
BK0184,Khởi Nghiệp Thông Minh,NXB Kim Đồng,36.13,4908,2018838849,9782018838844
BK0185,Khởi Nghiệp Thông Minh,NXB Trẻ,92.86,1953,2079533282,9782079533283
BK0186,Marketing Số Hiện Đại,NXB Trẻ,6.63,2904,8895872258,9788895872254
BK0187,Lập Trình Python Cơ Bản,NXB Trẻ,50.24,147,5964717837,9785964717836
BK0188,Marketing Số Hiện Đại,NXB Trẻ,80.23,987,4395124534,9784395124534
BK0189,Trí Tuệ Nhân Tạo Ứng Dụng,NXB Kim Đồng,40.1,3235,6027318325,9786027318328
BK0190,Marketing Số Hiện Đại,NXB Kim Đồng,46.61,2579,8656703978,9788656703971
BK0191,Tư Duy Phản Biện,NXB Giáo Dục,54.22,2221,2712612507,9782712612504
BK0192,Dữ Liệu Lớn Và Phân Tích,NXB Lao Động,95.19,2141,7221258910,9787221258915
BK0193,Kỹ Năng Lãnh Đạo,NXB Hội Nhà Văn,44.07,2130,2632793785,9782632793789
BK0194,Trí Tuệ Nhân Tạo Ứng Dụng,NXB Lao Động,87.79,140,0529935678,9780529935670
BK0195,Lập Trình Python Cơ Bản,NXB Kim Đồng,94.95,39,2932325728,9782932325727
BK0196,Hành Trình Tri Thức,NXB Hội Nhà Văn,7.91,2894,2272460550,9782272460553
BK0197,Khám Phá Vũ Trụ,NXB Trẻ,63.66,3032,5981444991,9785981444999
BK0198,Trí Tuệ Nhân Tạo Ứng Dụng,NXB Kim Đồng,41.86,2622,3470135762,9783470135762
BK0199,Nghệ Thuật Giao Tiếp,NXB Kim Đồng,8.76,3632,5446880897,9785446880898
BK0200,Trí Tuệ Nhân Tạo Ứng Dụng,NXB Hội Nhà Văn,27.92,4609,2911643577,9782911643576
BK0201,Marketing Số Hiện Đại,NXB Trẻ,24.35,1314,0938147560,9780938147565
BK0202,Khám Phá Vũ Trụ,NXB Hội Nhà Văn,78.54,405,577238872X,9785772388723
BK0203,Kỹ Năng Lãnh Đạo,NXB Trẻ,83.0,4354,9337194619,9789337194613
BK0204,Trí Tuệ Nhân Tạo Ứng Dụng,NXB Kim Đồng,23.25,3169,7169938014,9787169938016
BK0205,Tư Duy Phản Biện,NXB Kim Đồng,79.01,2334,4490285787,9784490285789
BK0206,Lập Trình Python Cơ Bản,NXB Hội Nhà Văn,51.23,572,248762213X,9782487622135
BK0207,Marketing Số Hiện Đại,NXB Trẻ,83.37,2763,0862271029,9780862271022
BK0208,Hành Trình Tri Thức,NXB Lao Động,22.28,4714,5006060255,9785006060258
BK0209,Trí Tuệ Nhân Tạo Ứng Dụng,NXB Hội Nhà Văn,59.01,1408,265817666X,9782658176665
BK0210,Tư Duy Phản Biện,NXB Lao Động,94.05,2665,044279309X,9780442793098
BK0211,Lập Trình Python Cơ Bản,NXB Giáo Dục,82.75,3842,7789879405,9787789879409
BK0212,Marketing Số Hiện Đại,NXB Hội Nhà Văn,45.25,123,7566538691,9787566538697
BK0213,Lập Trình Python Cơ Bản,NXB Giáo Dục,97.03,4267,5861549672,9785861549677
BK0214,Trí Tuệ Nhân Tạo Ứng Dụng,NXB Kim Đồng,27.86,3462,7720219554,9787720219554
BK0215,Dữ Liệu Lớn Và Phân Tích,NXB Lao Động,45.21,2119,2349833917,9782349833914
BK0216,Hành Trình Tri Thức,NXB Giáo Dục,57.48,2808,9636438269,9789636438265
BK0217,Dữ Liệu Lớn Và Phân Tích,NXB Kim Đồng,57.36,3246,1454096489,9781454096481
BK0218,Hành Trình Tri Thức,NXB Hội Nhà Văn,53.46,3750,7766456680,9787766456685
BK0219,Marketing Số Hiện Đại,NXB Giáo Dục,42.12,4643,6880252478,9786880252470
BK0220,Marketing Số Hiện Đại,NXB Giáo Dục,29.41,4712,2245557379,9782245557372
BK0221,Khám Phá Vũ Trụ,NXB Kim Đồng,17.95,4501,8477751862,9788477751861
BK0222,Hành Trình Tri Thức,NXB Lao Động,61.62,552,5595508221,9785595508223
BK0223,Marketing Số Hiện Đại,NXB Giáo Dục,99.44,3487,8045799226,9788045799226
BK0224,Khám Phá Vũ Trụ,NXB Trẻ,75.26,3524,3163603866,9783163603868
BK0225,Khám Phá Vũ Trụ,NXB Hội Nhà Văn,39.0,4646,2793538906,9782793538908
BK0226,Lập Trình Python Cơ Bản,NXB Hội Nhà Văn,29.82,4076,5050520754,9785050520753
BK0227,Kỹ Năng Lãnh Đạo,NXB Lao Động,24.28,1228,1200431502,9781200431504
BK0228,Tư Duy Phản Biện,NXB Hội Nhà Văn,66.62,2031,7291798698,9787291798694
BK0229,Dữ Liệu Lớn Và Phân Tích,NXB Hội Nhà Văn,68.98,712,8752278573,9788752278571
BK0230,Tư Duy Phản Biện,NXB Trẻ,60.66,1508,3182608231,9783182608233
BK0231,Kỹ Năng Lãnh Đạo,NXB Kim Đồng,51.14,3080,3594837203,9783594837207
BK0232,Trí Tuệ Nhân Tạo Ứng Dụng,NXB Lao Động,34.88,4027,3055374762,9783055374760
BK0233,Lập Trình Python Cơ Bản,NXB Kim Đồng,67.88,3453,2522664263,9782522664267
BK0234,Marketing Số Hiện Đại,NXB Trẻ,50.82,4397,8885055133,9788885055131
BK0235,Trí Tuệ Nhân Tạo Ứng Dụng,NXB Trẻ,57.92,1985,2469635926,9782469635924
BK0236,Marketing Số Hiện Đại,NXB Giáo Dục,84.36,1823,8823714974,9788823714977
BK0237,Trí Tuệ Nhân Tạo Ứng Dụng,NXB Hội Nhà Văn,20.72,4388,1791187447,9781791187446
BK0238,Khám Phá Vũ Trụ,NXB Trẻ,41.06,141,9438185305,9789438185305
BK0239,Lập Trình Python Cơ Bản,NXB Trẻ,63.46,3109,4127601027,9784127601029
BK0240,Lập Trình Python Cơ Bản,NXB Hội Nhà Văn,21.43,4068,9230164933,9789230164935
BK0241,Khởi Nghiệp Thông Minh,NXB Giáo Dục,58.46,4665,5421981665,9785421981664
BK0242,Trí Tuệ Nhân Tạo Ứng Dụng,NXB Kim Đồng,54.35,4941,3524084435,9783524084435
BK0243,Kỹ Năng Lãnh Đạo,NXB Giáo Dục,7.26,2705,4486900685,9784486900689
BK0244,Lập Trình Python Cơ Bản,NXB Lao Động,26.77,2326,6406678958,9786406678951
BK0245,Marketing Số Hiện Đại,NXB Trẻ,74.2,4850,1043481885,9781043481889
BK0246,Tư Duy Phản Biện,NXB Lao Động,66.42,4098,974022959X,9789740229599
BK0247,Trí Tuệ Nhân Tạo Ứng Dụng,NXB Giáo Dục,86.65,2920,0184898528,9780184898525
BK0248,Trí Tuệ Nhân Tạo Ứng Dụng,NXB Lao Động,85.95,786,1641705981,9781641705981
BK0249,Tư Duy Phản Biện,NXB Giáo Dục,91.51,3068,0147341221,9780147341228
BK0250,Khám Phá Vũ Trụ,NXB Giáo Dục,56.09,60,1665266406,9781665266406
BK0251,Khởi Nghiệp Thông Minh,NXB Kim Đồng,91.15,342,6927162720,9786927162724
BK0252,Nghệ Thuật Giao Tiếp,NXB Kim Đồng,20.89,4129,0121434508,9780121434502
BK0253,Khám Phá Vũ Trụ,NXB Giáo Dục,16.33,1678,5149289574,9785149289578
BK0254,Khởi Nghiệp Thông Minh,NXB Kim Đồng,74.32,3397,9139370771,9789139370772
BK0255,Hành Trình Tri Thức,NXB Kim Đồng,78.98,2417,689762134X,9786897621344
BK0256,Tư Duy Phản Biện,NXB Lao Động,58.39,4150,5943679812,9785943679810
BK0257,Marketing Số Hiện Đại,NXB Lao Động,40.35,4096,4126160965,9784126160961
BK0258,Trí Tuệ Nhân Tạo Ứng Dụng,NXB Giáo Dục,8.39,1124,9710367366,9789710367368
BK0259,Lập Trình Python Cơ Bản,NXB Kim Đồng,87.92,4584,306770651X,9783067706511
BK0260,Hành Trình Tri Thức,NXB Lao Động,69.98,3166,6406903749,9786406903749
BK0261,Trí Tuệ Nhân Tạo Ứng Dụng,NXB Kim Đồng,35.82,2215,5261842018,9785261842019
BK0262,Khởi Nghiệp Thông Minh,NXB Lao Động,16.33,3252,2545747777,9782545747770
BK0263,Trí Tuệ Nhân Tạo Ứng Dụng,NXB Trẻ,88.77,2079,4531945050,9784531945054
BK0264,Hành Trình Tri Thức,NXB Hội Nhà Văn,91.47,4619,2413953132,9782413953135
BK0265,Kỹ Năng Lãnh Đạo,NXB Kim Đồng,81.59,893,7155189243,9787155189248
BK0266,Lập Trình Python Cơ Bản,NXB Giáo Dục,29.4,2751,7442922414,9787442922411
BK0267,Dữ Liệu Lớn Và Phân Tích,NXB Giáo Dục,86.86,4692,9210348737,9789210348737
BK0268,Marketing Số Hiện Đại,NXB Trẻ,84.23,2676,5230356448,9785230356448
BK0269,Khởi Nghiệp Thông Minh,NXB Lao Động,98.43,4454,0212440101,9780212440108
BK0270,Lập Trình Python Cơ Bản,NXB Trẻ,57.74,4296,4476889190,9784476889192
BK0271,Khám Phá Vũ Trụ,NXB Lao Động,97.7,2370,6271030548,9786271030540
BK0272,Tư Duy Phản Biện,NXB Trẻ,76.11,3247,9526584880,9789526584881
BK0273,Tư Duy Phản Biện,NXB Giáo Dục,33.13,1053,4394129796,9784394129790
BK0274,Hành Trình Tri Thức,NXB Hội Nhà Văn,86.33,315,5395657045,9785395657046
BK0275,Trí Tuệ Nhân Tạo Ứng Dụng,NXB Giáo Dục,47.28,4619,174963547X,9781749635470
BK0276,Khởi Nghiệp Thông Minh,NXB Kim Đồng,90.91,1012,1337971685,9781337971683
BK0277,Dữ Liệu Lớn Và Phân Tích,NXB Kim Đồng,79.64,508,5029949925,9785029949929
BK0278,Khởi Nghiệp Thông Minh,NXB Giáo Dục,56.84,3150,6203442615,9786203442618
BK0279,Dữ Liệu Lớn Và Phân Tích,NXB Kim Đồng,10.2,177,421026881X,9784210268818
BK0280,Lập Trình Python Cơ Bản,NXB Kim Đồng,93.1,1505,7250281003,9787250281007
BK0281,Nghệ Thuật Giao Tiếp,NXB Giáo Dục,41.83,2980,5298782027,9785298782029
BK0282,Khởi Nghiệp Thông Minh,NXB Giáo Dục,9.61,3028,8625937985,9788625937987
BK0283,Kỹ Năng Lãnh Đạo,NXB Lao Động,70.72,3840,9367479921,9789367479926
BK0284,Nghệ Thuật Giao Tiếp,NXB Trẻ,98.21,3219,5147217908,9785147217900
BK0285,Tư Duy Phản Biện,NXB Trẻ,5.7,677,1733604618,9781733604611
BK0286,Kỹ Năng Lãnh Đạo,NXB Trẻ,28.47,829,3000321233,9783000321238
BK0287,Hành Trình Tri Thức,NXB Giáo Dục,46.69,1909,4524624023,9784524624027
BK0288,Nghệ Thuật Giao Tiếp,NXB Giáo Dục,67.67,1598,4723723471,9784723723477
BK0289,Kỹ Năng Lãnh Đạo,NXB Giáo Dục,91.26,3205,9391510876,9789391510879
BK0290,Trí Tuệ Nhân Tạo Ứng Dụng,NXB Trẻ,87.67,2844,359546804X,9783595468042
BK0291,Kỹ Năng Lãnh Đạo,NXB Trẻ,43.33,2124,8819248115,9788819248110
BK0292,Nghệ Thuật Giao Tiếp,NXB Hội Nhà Văn,21.59,713,0070195404,9780070195400
BK0293,Dữ Liệu Lớn Và Phân Tích,NXB Lao Động,81.52,4907,2332899871,9782332899873
BK0294,Tư Duy Phản Biện,NXB Kim Đồng,26.11,636,4297866048,9784297866044
BK0295,Khám Phá Vũ Trụ,NXB Kim Đồng,98.86,2864,1775246124,9781775246121
BK0296,Khởi Nghiệp Thông Minh,NXB Lao Động,90.77,1166,1887101055,9781887101059
BK0297,Trí Tuệ Nhân Tạo Ứng Dụng,NXB Hội Nhà Văn,9.41,4691,6633112696,9786633112693
BK0298,Hành Trình Tri Thức,NXB Giáo Dục,11.48,2482,3184476472,9783184476472
BK0299,Kỹ Năng Lãnh Đạo,NXB Lao Động,39.56,1549,8551711598,9788551711590
BK0300,Khám Phá Vũ Trụ,NXB Lao Động,35.07,1580,2730918566,9782730918565
BK0301,Tư Duy Phản Biện,NXB Kim Đồng,91.25,1517,0007921403,9780007921409
BK0302,Trí Tuệ Nhân Tạo Ứng Dụng,NXB Trẻ,59.46,4325,9908347047,9789908347042
BK0303,Dữ Liệu Lớn Và Phân Tích,NXB Trẻ,36.85,1307,8251318971,9788251318976
BK0304,Khởi Nghiệp Thông Minh,NXB Lao Động,76.51,1101,490393389X,9784903933894
BK0305,Khám Phá Vũ Trụ,NXB Hội Nhà Văn,71.48,4115,4418965874,9784418965878
BK0306,Dữ Liệu Lớn Và Phân Tích,NXB Lao Động,5.19,3714,7954645800,9787954645808
BK0307,Khám Phá Vũ Trụ,NXB Giáo Dục,65.67,1839,6140211158,9786140211155
BK0308,Kỹ Năng Lãnh Đạo,NXB Giáo Dục,40.48,4175,0772553130,9780772553133
BK0309,Nghệ Thuật Giao Tiếp,NXB Lao Động,45.24,1632,0917446410,9780917446412
BK0310,Dữ Liệu Lớn Và Phân Tích,NXB Hội Nhà Văn,31.54,1435,3923244568,9783923244560
BK0311,Marketing Số Hiện Đại,NXB Trẻ,54.14,1570,8118727904,9788118727903
BK0312,Dữ Liệu Lớn Và Phân Tích,NXB Hội Nhà Văn,63.5,4241,2607492564,9782607492563
BK0313,Lập Trình Python Cơ Bản,NXB Lao Động,66.11,1642,3898096718,9783898096713
BK0314,Hành Trình Tri Thức,NXB Giáo Dục,87.44,3673,0724549307,9780724549306
BK0315,Hành Trình Tri Thức,NXB Hội Nhà Văn,40.21,1497,5043703202,9785043703200
BK0316,Dữ Liệu Lớn Và Phân Tích,NXB Trẻ,16.81,3249,6877936744,9786877936741
BK0317,Marketing Số Hiện Đại,NXB Trẻ,59.72,4955,5975690846,9785975690845
BK0318,Marketing Số Hiện Đại,NXB Lao Động,86.91,4995,5065464162,9785065464165
BK0319,Lập Trình Python Cơ Bản,NXB Trẻ,22.12,14,5415745327,9785415745326
BK0320,Kỹ Năng Lãnh Đạo,NXB Trẻ,31.52,3236,9810749392,9789810749392
BK0321,Khám Phá Vũ Trụ,NXB Lao Động,6.39,2469,3561846742,9783561846744
BK0322,Kỹ Năng Lãnh Đạo,NXB Giáo Dục,10.4,2566,217415353X,9782174153539
BK0323,Marketing Số Hiện Đại,NXB Trẻ,72.47,3670,6971718429,9786971718427
BK0324,Khám Phá Vũ Trụ,NXB Kim Đồng,96.18,4122,0051829541,9780051829546
BK0325,Lập Trình Python Cơ Bản,NXB Hội Nhà Văn,18.61,467,0694990000,9780694990009
BK0326,Marketing Số Hiện Đại,NXB Kim Đồng,89.93,2596,3219445365,9783219445367
BK0327,Lập Trình Python Cơ Bản,NXB Lao Động,48.21,609,5384629568,9785384629566
BK0328,Dữ Liệu Lớn Và Phân Tích,NXB Kim Đồng,20.08,2681,0077501721,9780077501723
BK0329,Kỹ Năng Lãnh Đạo,NXB Kim Đồng,34.46,113,5491213411,9785491213412
BK0330,Trí Tuệ Nhân Tạo Ứng Dụng,NXB Lao Động,75.52,4892,6737918425,9786737918429
BK0331,Hành Trình Tri Thức,NXB Giáo Dục,81.43,648,1111279543,9781111279547
BK0332,Trí Tuệ Nhân Tạo Ứng Dụng,NXB Hội Nhà Văn,58.07,1982,1111571880,9781111571887
BK0333,Marketing Số Hiện Đại,NXB Trẻ,68.67,2633,4815398674,9784815398675
BK0334,Khởi Nghiệp Thông Minh,NXB Trẻ,75.78,1072,731508858X,9787315088589
BK0335,Marketing Số Hiện Đại,NXB Kim Đồng,37.56,4033,2362736350,9782362736353
BK0336,Nghệ Thuật Giao Tiếp,NXB Hội Nhà Văn,88.19,4189,3940962953,9783940962959
BK0337,Trí Tuệ Nhân Tạo Ứng Dụng,NXB Hội Nhà Văn,87.6,4695,355999747X,9783559997472
BK0338,Kỹ Năng Lãnh Đạo,NXB Kim Đồng,22.15,4142,5027378432,9785027378431
BK0339,Lập Trình Python Cơ Bản,NXB Hội Nhà Văn,70.09,1013,8128127047,9788128127045
BK0340,Kỹ Năng Lãnh Đạo,NXB Hội Nhà Văn,81.21,2787,7196877357,9787196877357
BK0341,Lập Trình Python Cơ Bản,NXB Trẻ,32.54,4937,1710708204,9781710708202
BK0342,Marketing Số Hiện Đại,NXB Giáo Dục,80.18,3946,2979819166,9782979819166
BK0343,Nghệ Thuật Giao Tiếp,NXB Trẻ,71.79,3366,692880064X,9786928800649
BK0344,Marketing Số Hiện Đại,NXB Kim Đồng,65.16,2936,6857764646,9786857764647
BK0345,Tư Duy Phản Biện,NXB Giáo Dục,76.76,1308,1612467865,9781612467863
BK0346,Kỹ Năng Lãnh Đạo,NXB Giáo Dục,75.41,1585,0156633035,9780156633031
BK0347,Trí Tuệ Nhân Tạo Ứng Dụng,NXB Lao Động,96.24,4065,363115707X,9783631157077
BK0348,Lập Trình Python Cơ Bản,NXB Giáo Dục,68.06,1424,916296013X,9789162960131
BK0349,Trí Tuệ Nhân Tạo Ứng Dụng,NXB Kim Đồng,71.97,1265,294593714X,9782945937146
BK0350,Khởi Nghiệp Thông Minh,NXB Lao Động,11.28,3540,2033458091,9782033458096
BK0351,Lập Trình Python Cơ Bản,NXB Trẻ,21.58,42,1805536168,9781805536161
BK0352,Trí Tuệ Nhân Tạo Ứng Dụng,NXB Trẻ,24.17,4769,7284193743,9787284193741
BK0353,Hành Trình Tri Thức,NXB Giáo Dục,16.76,1159,3634917849,9783634917845
BK0354,Khởi Nghiệp Thông Minh,NXB Hội Nhà Văn,86.19,2173,6038191410,9786038191415
BK0355,Trí Tuệ Nhân Tạo Ứng Dụng,NXB Giáo Dục,62.4,3586,3623856355,9783623856353
BK0356,Trí Tuệ Nhân Tạo Ứng Dụng,NXB Kim Đồng,87.01,3655,5823141157,9785823141154
BK0357,Dữ Liệu Lớn Và Phân Tích,NXB Lao Động,74.87,3643,1928592481,9781928592488
BK0358,Khởi Nghiệp Thông Minh,NXB Lao Động,89.33,2288,5148931108,9785148931102
BK0359,Kỹ Năng Lãnh Đạo,NXB Giáo Dục,51.0,4624,1427200351,9781427200358
BK0360,Dữ Liệu Lớn Và Phân Tích,NXB Lao Động,8.79,265,9569059443,9789569059445
BK0361,Khám Phá Vũ Trụ,NXB Hội Nhà Văn,10.28,4896,9250414862,9789250414867
BK0362,Lập Trình Python Cơ Bản,NXB Hội Nhà Văn,8.83,383,6933404544,9786933404542
BK0363,Marketing Số Hiện Đại,NXB Hội Nhà Văn,17.81,3855,6415859757,9786415859754
BK0364,Lập Trình Python Cơ Bản,NXB Lao Động,63.97,3581,6282972779,9786282972778
BK0365,Dữ Liệu Lớn Và Phân Tích,NXB Kim Đồng,27.11,2090,5768740945,9785768740948
BK0366,Khởi Nghiệp Thông Minh,NXB Giáo Dục,13.46,2340,6763981740,9786763981749
BK0367,Kỹ Năng Lãnh Đạo,NXB Trẻ,82.14,393,0797095314,9780797095311
BK0368,Trí Tuệ Nhân Tạo Ứng Dụng,NXB Trẻ,46.5,4220,2742320792,9782742320790
BK0369,Tư Duy Phản Biện,NXB Hội Nhà Văn,60.37,2081,6453345919,9786453345912
BK0370,Kỹ Năng Lãnh Đạo,NXB Giáo Dục,56.87,2577,8939750179,9788939750173
BK0371,Marketing Số Hiện Đại,NXB Giáo Dục,36.85,2738,1144983622,9781144983626
BK0372,Khởi Nghiệp Thông Minh,NXB Lao Động,56.48,4251,9396231746,9789396231748
BK0373,Khám Phá Vũ Trụ,NXB Kim Đồng,87.58,831,0661035379,9780661035375
BK0374,Khám Phá Vũ Trụ,NXB Kim Đồng,73.82,4767,8020866418,9788020866417
BK0375,Tư Duy Phản Biện,NXB Hội Nhà Văn,31.81,3286,1408560674,9781408560679
BK0376,Hành Trình Tri Thức,NXB Hội Nhà Văn,55.45,4115,3707209393,9783707209396
BK0377,Lập Trình Python Cơ Bản,NXB Trẻ,25.6,1907,8230634831,9788230634837
BK0378,Dữ Liệu Lớn Và Phân Tích,NXB Trẻ,44.79,3444,4059543497,9784059543497
BK0379,Khởi Nghiệp Thông Minh,NXB Lao Động,15.8,3805,4520735033,9784520735031
BK0380,Trí Tuệ Nhân Tạo Ứng Dụng,NXB Giáo Dục,34.8,3861,5466884650,9785466884654
BK0381,Khởi Nghiệp Thông Minh,NXB Hội Nhà Văn,55.41,413,0943222354,9780943222356
BK0382,Trí Tuệ Nhân Tạo Ứng Dụng,NXB Kim Đồng,80.06,3821,0662605012,9780662605010
BK0383,Lập Trình Python Cơ Bản,NXB Giáo Dục,18.43,3051,9643217310,9789643217310
BK0384,Dữ Liệu Lớn Và Phân Tích,NXB Giáo Dục,29.75,2317,4023544450,9784023544451
BK0385,Trí Tuệ Nhân Tạo Ứng Dụng,NXB Kim Đồng,89.23,3809,1579426697,9781579426699
BK0386,Tư Duy Phản Biện,NXB Hội Nhà Văn,68.77,4627,6677219283,9786677219280
BK0387,Marketing Số Hiện Đại,NXB Kim Đồng,89.39,4879,4342684063,9784342684067
BK0388,Trí Tuệ Nhân Tạo Ứng Dụng,NXB Lao Động,64.41,4490,6946950208,9786946950203
BK0389,Dữ Liệu Lớn Và Phân Tích,NXB Lao Động,89.68,1935,8129145189,9788129145185
BK0390,Lập Trình Python Cơ Bản,NXB Giáo Dục,75.32,2586,523336767X,9785233367670
BK0391,Nghệ Thuật Giao Tiếp,NXB Giáo Dục,23.55,1439,5648305796,9785648305793
BK0392,Kỹ Năng Lãnh Đạo,NXB Giáo Dục,92.31,1493,651458909X,9786514589095
BK0393,Dữ Liệu Lớn Và Phân Tích,NXB Trẻ,59.16,3425,3207288901,9783207288907
BK0394,Trí Tuệ Nhân Tạo Ứng Dụng,NXB Kim Đồng,93.94,2797,0656841524,9780656841523
BK0395,Nghệ Thuật Giao Tiếp,NXB Trẻ,19.56,3597,9099802676,9789099802672
BK0396,Khởi Nghiệp Thông Minh,NXB Trẻ,62.9,3235,7313475284,9787313475282
BK0397,Khám Phá Vũ Trụ,NXB Hội Nhà Văn,48.59,4759,953267389X,9789532673890
BK0398,Trí Tuệ Nhân Tạo Ứng Dụng,NXB Giáo Dục,93.19,4335,0270976612,9780270976618
BK0399,Trí Tuệ Nhân Tạo Ứng Dụng,NXB Trẻ,62.29,2614,0414953584,9780414953581
BK0400,Marketing Số Hiện Đại,NXB Lao Động,37.65,2804,0599890452,9780599890459
BK0401,Hành Trình Tri Thức,NXB Trẻ,74.96,2571,9113681311,9789113681313
BK0402,Trí Tuệ Nhân Tạo Ứng Dụng,NXB Kim Đồng,15.31,2732,3189973571,9783189973570
BK0403,Khám Phá Vũ Trụ,NXB Trẻ,96.54,2468,6922052838,9786922052839
BK0404,Tư Duy Phản Biện,NXB Hội Nhà Văn,46.18,1523,472513855X,9784725138552
BK0405,Dữ Liệu Lớn Và Phân Tích,NXB Kim Đồng,80.81,995,6060880983,9786060880981
BK0406,Marketing Số Hiện Đại,NXB Hội Nhà Văn,98.0,4510,6782693216,9786782693210
BK0407,Nghệ Thuật Giao Tiếp,NXB Giáo Dục,52.3,3149,9577380565,9789577380562
BK0408,Khám Phá Vũ Trụ,NXB Hội Nhà Văn,5.96,1996,4080892217,9784080892212
BK0409,Nghệ Thuật Giao Tiếp,NXB Hội Nhà Văn,92.87,3746,2536521451,9782536521457
BK0410,Khởi Nghiệp Thông Minh,NXB Trẻ,49.06,2264,0254697682,9780254697683
BK0411,Lập Trình Python Cơ Bản,NXB Trẻ,18.94,353,4345658985,9784345658980
BK0412,Trí Tuệ Nhân Tạo Ứng Dụng,NXB Kim Đồng,41.01,2657,844196033X,9788441960336
BK0413,Lập Trình Python Cơ Bản,NXB Hội Nhà Văn,95.38,3201,5940292798,9785940292791
BK0414,Dữ Liệu Lớn Và Phân Tích,NXB Giáo Dục,55.75,1721,6487387215,9786487387216
BK0415,Lập Trình Python Cơ Bản,NXB Trẻ,36.39,2994,0771512570,9780771512575
BK0416,Tư Duy Phản Biện,NXB Hội Nhà Văn,42.23,1558,2558275577,9782558275574
BK0417,Marketing Số Hiện Đại,NXB Giáo Dục,48.53,2849,9576829674,9789576829673
BK0418,Kỹ Năng Lãnh Đạo,NXB Kim Đồng,96.87,288,8401085713,9788401085710
BK0419,Trí Tuệ Nhân Tạo Ứng Dụng,NXB Trẻ,59.95,1101,4980108393,9784980108390
BK0420,Khởi Nghiệp Thông Minh,NXB Lao Động,5.8,2834,4076063465,9784076063466
BK0421,Hành Trình Tri Thức,NXB Giáo Dục,29.59,3671,7563117490,9787563117499
BK0422,Dữ Liệu Lớn Và Phân Tích,NXB Trẻ,15.87,2772,0275184188,9780275184186
BK0423,Dữ Liệu Lớn Và Phân Tích,NXB Giáo Dục,89.64,2874,2993973703,9782993973707
BK0424,Khởi Nghiệp Thông Minh,NXB Lao Động,70.25,4706,6904552158,9786904552159
BK0425,Tư Duy Phản Biện,NXB Lao Động,33.48,2487,9812058923,9789812058928
BK0426,Kỹ Năng Lãnh Đạo,NXB Giáo Dục,25.07,3988,2272454119,9782272454118
BK0427,Hành Trình Tri Thức,NXB Giáo Dục,89.59,4036,8177298453,9788177298451
BK0428,Tư Duy Phản Biện,NXB Kim Đồng,67.93,4411,5517244254,9785517244253
BK0429,Kỹ Năng Lãnh Đạo,NXB Lao Động,90.82,4938,3578815993,9783578815993
BK0430,Trí Tuệ Nhân Tạo Ứng Dụng,NXB Giáo Dục,32.63,3679,0573290776,9780573290770
BK0431,Khám Phá Vũ Trụ,NXB Trẻ,8.22,938,7009960054,9787009960054
BK0432,Khám Phá Vũ Trụ,NXB Trẻ,97.42,4459,3266388577,9783266388570
BK0433,Dữ Liệu Lớn Và Phân Tích,NXB Hội Nhà Văn,66.19,3322,5158406286,9785158406287
BK0434,Dữ Liệu Lớn Và Phân Tích,NXB Giáo Dục,61.4,1050,6799295634,9786799295636
BK0435,Khởi Nghiệp Thông Minh,NXB Hội Nhà Văn,35.42,2773,8587191306,9788587191304
BK0436,Kỹ Năng Lãnh Đạo,NXB Lao Động,46.45,2708,6150735125,9786150735122
BK0437,Hành Trình Tri Thức,NXB Lao Động,66.79,1437,7378300551,9787378300550
BK0438,Kỹ Năng Lãnh Đạo,NXB Hội Nhà Văn,53.99,949,9465674109,9789465674100
BK0439,Tư Duy Phản Biện,NXB Trẻ,11.87,3651,7324335403,9787324335407
BK0440,Khởi Nghiệp Thông Minh,NXB Giáo Dục,31.52,801,3100001362,9783100001368
BK0441,Khởi Nghiệp Thông Minh,NXB Trẻ,78.24,1234,9629914999,9789629914998
BK0442,Khám Phá Vũ Trụ,NXB Kim Đồng,44.54,2499,1328910652,9781328910653
BK0443,Tư Duy Phản Biện,NXB Giáo Dục,91.95,3494,3843430012,9783843430012
BK0444,Tư Duy Phản Biện,NXB Hội Nhà Văn,44.01,4021,6800017221,9786800017226
BK0445,Nghệ Thuật Giao Tiếp,NXB Kim Đồng,17.16,3919,789553811X,9787895538115
BK0446,Khám Phá Vũ Trụ,NXB Lao Động,83.87,2718,1639914587,9781639914586
BK0447,Trí Tuệ Nhân Tạo Ứng Dụng,NXB Giáo Dục,13.47,3753,5469532151,9785469532156
BK0448,Hành Trình Tri Thức,NXB Giáo Dục,7.75,4285,6753751084,9786753751086
BK0449,Dữ Liệu Lớn Và Phân Tích,NXB Trẻ,83.5,672,5064777787,9785064777785
BK0450,Khám Phá Vũ Trụ,NXB Giáo Dục,33.01,2897,495816698X,9784958166988
BK0451,Lập Trình Python Cơ Bản,NXB Lao Động,17.07,4350,2080133527,9782080133526
BK0452,Hành Trình Tri Thức,NXB Hội Nhà Văn,50.95,3390,7857522457,9787857522459
BK0453,Khởi Nghiệp Thông Minh,NXB Kim Đồng,71.45,1203,9103806405,9789103806405
BK0454,Marketing Số Hiện Đại,NXB Giáo Dục,68.7,1311,2381126724,9782381126722
BK0455,Nghệ Thuật Giao Tiếp,NXB Hội Nhà Văn,8.52,426,0741502046,9780741502049
BK0456,Tư Duy Phản Biện,NXB Hội Nhà Văn,56.27,4437,5677457140,9785677457142
BK0457,Khám Phá Vũ Trụ,NXB Trẻ,28.58,3113,7409811005,9787409811000
BK0458,Lập Trình Python Cơ Bản,NXB Giáo Dục,70.52,1159,7197468043,9787197468042
BK0459,Hành Trình Tri Thức,NXB Lao Động,56.56,2622,0597716641,9780597716645
BK0460,Kỹ Năng Lãnh Đạo,NXB Trẻ,28.67,4412,9069995131,9789069995137
BK0461,Trí Tuệ Nhân Tạo Ứng Dụng,NXB Trẻ,97.39,2101,5436658121,9785436658124
BK0462,Nghệ Thuật Giao Tiếp,NXB Kim Đồng,17.58,4306,973424499X,9789734244997
BK0463,Tư Duy Phản Biện,NXB Kim Đồng,98.01,4405,6661523654,9786661523652
BK0464,Kỹ Năng Lãnh Đạo,NXB Giáo Dục,70.77,3535,2603435434,9782603435434
BK0465,Khám Phá Vũ Trụ,NXB Kim Đồng,91.34,2206,2749000734,9782749000732
BK0466,Nghệ Thuật Giao Tiếp,NXB Lao Động,76.51,1525,3226382500,9783226382501
BK0467,Khởi Nghiệp Thông Minh,NXB Trẻ,54.27,4449,0050266241,9780050266243
BK0468,Marketing Số Hiện Đại,NXB Giáo Dục,61.05,3854,1789643317,9781789643312
BK0469,Dữ Liệu Lớn Và Phân Tích,NXB Giáo Dục,41.21,2538,1294790536,9781294790532
BK0470,Trí Tuệ Nhân Tạo Ứng Dụng,NXB Lao Động,31.68,1365,6633816545,9786633816546
BK0471,Tư Duy Phản Biện,NXB Kim Đồng,69.2,1265,4585306900,9784585306900
BK0472,Hành Trình Tri Thức,NXB Kim Đồng,73.25,3082,3610403845,9783610403843
BK0473,Khám Phá Vũ Trụ,NXB Giáo Dục,37.96,4109,3945281822,9783945281826
BK0474,Khởi Nghiệp Thông Minh,NXB Hội Nhà Văn,28.89,933,9366512402,9789366512402
BK0475,Khởi Nghiệp Thông Minh,NXB Giáo Dục,21.82,4318,2781911348,9782781911348
BK0476,Marketing Số Hiện Đại,NXB Kim Đồng,67.67,3795,8518158982,9788518158987
BK0477,Trí Tuệ Nhân Tạo Ứng Dụng,NXB Trẻ,9.5,2854,6227605131,9786227605136
BK0478,Kỹ Năng Lãnh Đạo,NXB Hội Nhà Văn,34.87,1593,1552702448,9781552702444
BK0479,Khám Phá Vũ Trụ,NXB Giáo Dục,27.15,4321,9311633607,9789311633602
BK0480,Khám Phá Vũ Trụ,NXB Kim Đồng,53.82,2398,3713938067,9783713938068
BK0481,Khám Phá Vũ Trụ,NXB Trẻ,66.93,1998,4216676456,9784216676457
BK0482,Trí Tuệ Nhân Tạo Ứng Dụng,NXB Giáo Dục,50.37,1906,5845107504,9785845107503
BK0483,Marketing Số Hiện Đại,NXB Lao Động,95.29,652,659001681X,9786590016812
BK0484,Kỹ Năng Lãnh Đạo,NXB Hội Nhà Văn,88.23,2676,4238538048,9784238538047
BK0485,Khám Phá Vũ Trụ,NXB Kim Đồng,33.74,1899,8699656629,9788699656623
BK0486,Dữ Liệu Lớn Và Phân Tích,NXB Trẻ,86.57,4582,2301760170,9782301760173
BK0487,Trí Tuệ Nhân Tạo Ứng Dụng,NXB Trẻ,85.35,2147,8846574672,9788846574671
BK0488,Kỹ Năng Lãnh Đạo,NXB Kim Đồng,90.3,992,9945437917,9789945437911
BK0489,Lập Trình Python Cơ Bản,NXB Giáo Dục,13.3,2765,9961472322,9789961472323
BK0490,Kỹ Năng Lãnh Đạo,NXB Kim Đồng,14.15,3795,3651935132,9783651935136
BK0491,Trí Tuệ Nhân Tạo Ứng Dụng,NXB Lao Động,80.29,3421,8007352724,9788007352728
BK0492,Dữ Liệu Lớn Và Phân Tích,NXB Trẻ,64.4,2021,2310923176,9782310923170
BK0493,Tư Duy Phản Biện,NXB Giáo Dục,77.64,2540,4837614612,9784837614616
BK0494,Khởi Nghiệp Thông Minh,NXB Trẻ,46.66,4815,5254117796,9785254117797
BK0495,Khởi Nghiệp Thông Minh,NXB Giáo Dục,6.23,3432,4694832204,9784694832208
BK0496,Hành Trình Tri Thức,NXB Giáo Dục,39.26,428,2116344301,9782116344308
BK0497,Tư Duy Phản Biện,NXB Hội Nhà Văn,29.84,851,9656807804,9789656807805
BK0498,Trí Tuệ Nhân Tạo Ứng Dụng,NXB Hội Nhà Văn,14.15,2619,4273661837,9784273661830
BK0499,Khám Phá Vũ Trụ,NXB Trẻ,77.52,62,8993528691,9788993528695
BK0500,Kỹ Năng Lãnh Đạo,NXB Giáo Dục,30.14,521,4738905295,9784738905295
BK0501,Trí Tuệ Nhân Tạo Ứng Dụng,NXB Lao Động,64.35,3073,8709722017,9788709722010
BK0502,Marketing Số Hiện Đại,NXB Lao Động,36.86,1280,5511768774,9785511768779
BK0503,Hành Trình Tri Thức,NXB Lao Động,33.0,1513,8635929411,9788635929415
BK0504,Lập Trình Python Cơ Bản,NXB Hội Nhà Văn,26.5,1703,762003157X,9787620031577
BK0505,Dữ Liệu Lớn Và Phân Tích,NXB Hội Nhà Văn,18.31,3421,2616969793,9782616969797
BK0506,Trí Tuệ Nhân Tạo Ứng Dụng,NXB Trẻ,5.33,4436,0525370250,9780525370253
BK0507,Tư Duy Phản Biện,NXB Kim Đồng,79.74,4677,5813880038,9785813880032
BK0508,Tư Duy Phản Biện,NXB Trẻ,18.32,539,3145278053,9783145278053
BK0509,Kỹ Năng Lãnh Đạo,NXB Lao Động,39.7,3564,0849729653,9780849729652
BK0510,Marketing Số Hiện Đại,NXB Kim Đồng,15.5,4801,6707616544,9786707616546
BK0511,Dữ Liệu Lớn Và Phân Tích,NXB Giáo Dục,84.3,4223,5766739052,9785766739050
BK0512,Khởi Nghiệp Thông Minh,NXB Kim Đồng,53.78,1700,6052730838,9786052730836
BK0513,Hành Trình Tri Thức,NXB Lao Động,81.21,2710,7405762514,9787405762511
BK0514,Khám Phá Vũ Trụ,NXB Giáo Dục,15.66,4739,5422252438,9785422252435
BK0515,Marketing Số Hiện Đại,NXB Lao Động,37.39,2257,1444603485,9781444603484
BK0516,Khám Phá Vũ Trụ,NXB Hội Nhà Văn,50.2,1976,3871567787,9783871567780
BK0517,Trí Tuệ Nhân Tạo Ứng Dụng,NXB Hội Nhà Văn,99.18,3519,9671079407,9789671079409
BK0518,Nghệ Thuật Giao Tiếp,NXB Lao Động,9.02,684,8703314502,9788703314501
BK0519,Hành Trình Tri Thức,NXB Hội Nhà Văn,89.42,425,4635039919,9784635039918
BK0520,Khám Phá Vũ Trụ,NXB Kim Đồng,75.53,2395,4092510888,9784092510883
BK0521,Dữ Liệu Lớn Và Phân Tích,NXB Kim Đồng,63.29,356,420938433X,9784209384338
BK0522,Tư Duy Phản Biện,NXB Giáo Dục,34.15,2468,4676498586,9784676498583
BK0523,Kỹ Năng Lãnh Đạo,NXB Kim Đồng,40.2,288,8782469261,9788782469260
BK0524,Lập Trình Python Cơ Bản,NXB Giáo Dục,35.65,50,2312382954,9782312382951
BK0525,Trí Tuệ Nhân Tạo Ứng Dụng,NXB Lao Động,67.95,3173,3609172746,9783609172743
BK0526,Lập Trình Python Cơ Bản,NXB Lao Động,14.69,3772,8532416225,9788532416223
BK0527,Trí Tuệ Nhân Tạo Ứng Dụng,NXB Hội Nhà Văn,9.37,2410,8340605720,9788340605727
BK0528,Hành Trình Tri Thức,NXB Trẻ,48.95,3300,2143702116,9782143702119
BK0529,Tư Duy Phản Biện,NXB Trẻ,30.47,154,8780306977,9788780306970
BK0530,Khởi Nghiệp Thông Minh,NXB Hội Nhà Văn,27.66,1801,5127832666,9785127832666
BK0531,Dữ Liệu Lớn Và Phân Tích,NXB Kim Đồng,83.14,2387,6482428401,9786482428402
BK0532,Trí Tuệ Nhân Tạo Ứng Dụng,NXB Kim Đồng,61.36,501,6646366020,9786646366021
BK0533,Khám Phá Vũ Trụ,NXB Kim Đồng,56.44,4292,5881279158,9785881279158
BK0534,Dữ Liệu Lớn Và Phân Tích,NXB Kim Đồng,7.11,1745,9324117114,9789324117113
BK0535,Nghệ Thuật Giao Tiếp,NXB Trẻ,70.41,3951,6575290450,9786575290459
BK0536,Lập Trình Python Cơ Bản,NXB Lao Động,26.2,3089,2270566505,9782270566509
BK0537,Khởi Nghiệp Thông Minh,NXB Hội Nhà Văn,40.79,162,8360239703,9788360239704
BK0538,Dữ Liệu Lớn Và Phân Tích,NXB Lao Động,25.28,2457,2765798621,9782765798620
BK0539,Kỹ Năng Lãnh Đạo,NXB Trẻ,60.22,1087,7545246942,9787545246940
BK0540,Khởi Nghiệp Thông Minh,NXB Kim Đồng,99.33,59,7038134019,9787038134013
BK0541,Tư Duy Phản Biện,NXB Trẻ,87.71,3158,0859174352,9780859174350
BK0542,Tư Duy Phản Biện,NXB Lao Động,29.5,4775,0075431963,9780075431961
BK0543,Nghệ Thuật Giao Tiếp,NXB Trẻ,76.62,3640,8075364309,9788075364302
BK0544,Kỹ Năng Lãnh Đạo,NXB Hội Nhà Văn,20.12,767,9497553196,9789497553190
BK0545,Dữ Liệu Lớn Và Phân Tích,NXB Giáo Dục,97.65,3242,6340149014,9786340149012
BK0546,Nghệ Thuật Giao Tiếp,NXB Lao Động,38.04,3908,439745132X,9784397451324
BK0547,Marketing Số Hiện Đại,NXB Lao Động,94.43,3716,0460032089,9780460032087
BK0548,Trí Tuệ Nhân Tạo Ứng Dụng,NXB Lao Động,81.45,652,3984782748,9783984782742
BK0549,Marketing Số Hiện Đại,NXB Trẻ,81.13,4031,6246689213,9786246689216
BK0550,Marketing Số Hiện Đại,NXB Hội Nhà Văn,44.37,3412,3952608580,9783952608586
BK0551,Khám Phá Vũ Trụ,NXB Kim Đồng,60.8,395,6466050807,9786466050803
BK0552,Tư Duy Phản Biện,NXB Kim Đồng,84.01,10,9131801323,9789131801328
BK0553,Tư Duy Phản Biện,NXB Trẻ,20.98,1842,0632701153,9780632701155
BK0554,Dữ Liệu Lớn Và Phân Tích,NXB Hội Nhà Văn,46.91,4037,5501522497,9785501522497
BK0555,Khám Phá Vũ Trụ,NXB Hội Nhà Văn,82.14,1843,3936052611,9783936052619
BK0556,Kỹ Năng Lãnh Đạo,NXB Giáo Dục,92.91,4171,6533619276,9786533619278
BK0557,Nghệ Thuật Giao Tiếp,NXB Hội Nhà Văn,89.03,4963,2246752957,9782246752950
BK0558,Hành Trình Tri Thức,NXB Trẻ,6.04,3871,7703506737,9787703506732
BK0559,Dữ Liệu Lớn Và Phân Tích,NXB Giáo Dục,60.27,1117,986174133X,9789861741338
BK0560,Khám Phá Vũ Trụ,NXB Kim Đồng,44.3,11,1046614053,9781046614055
BK0561,Trí Tuệ Nhân Tạo Ứng Dụng,NXB Lao Động,57.08,4004,0604696299,9780604696298
BK0562,Kỹ Năng Lãnh Đạo,NXB Trẻ,98.08,3317,9542835736,9789542835738
BK0563,Kỹ Năng Lãnh Đạo,NXB Hội Nhà Văn,41.19,1545,8448507533,9788448507534
BK0564,Dữ Liệu Lớn Và Phân Tích,NXB Lao Động,45.64,26,4152504765,9784152504760
BK0565,Nghệ Thuật Giao Tiếp,NXB Hội Nhà Văn,82.91,883,6989529679,9786989529671
BK0566,Lập Trình Python Cơ Bản,NXB Hội Nhà Văn,27.71,4581,8510091544,9788510091541
BK0567,Trí Tuệ Nhân Tạo Ứng Dụng,NXB Giáo Dục,48.25,3047,6901716273,9786901716271
BK0568,Khởi Nghiệp Thông Minh,NXB Kim Đồng,53.67,1859,4652846754,9784652846759
BK0569,Kỹ Năng Lãnh Đạo,NXB Hội Nhà Văn,44.62,1683,9002295480,9789002295485
BK0570,Kỹ Năng Lãnh Đạo,NXB Kim Đồng,74.88,4232,5985467864,9785985467864
BK0571,Hành Trình Tri Thức,NXB Hội Nhà Văn,80.34,1665,3578467669,9783578467666
BK0572,Khởi Nghiệp Thông Minh,NXB Trẻ,93.79,2554,1252515707,9781252515702
BK0573,Lập Trình Python Cơ Bản,NXB Hội Nhà Văn,62.74,3829,7586268568,9787586268567
BK0574,Kỹ Năng Lãnh Đạo,NXB Lao Động,14.78,3587,2960076966,9782960076967
BK0575,Tư Duy Phản Biện,NXB Giáo Dục,62.43,1350,1881228541,9781881228547
BK0576,Lập Trình Python Cơ Bản,NXB Lao Động,46.39,2951,6621098006,9786621098008
BK0577,Kỹ Năng Lãnh Đạo,NXB Giáo Dục,19.95,1206,2689751283,9782689751282
BK0578,Tư Duy Phản Biện,NXB Lao Động,14.36,523,2077267054,9782077267050
BK0579,Lập Trình Python Cơ Bản,NXB Giáo Dục,33.79,2434,2759046664,9782759046669
BK0580,Nghệ Thuật Giao Tiếp,NXB Trẻ,24.16,2188,2456269330,9782456269330
BK0581,Hành Trình Tri Thức,NXB Kim Đồng,11.6,3010,807905715X,9788079057156
BK0582,Marketing Số Hiện Đại,NXB Trẻ,12.32,1509,6474705841,9786474705849
BK0583,Trí Tuệ Nhân Tạo Ứng Dụng,NXB Lao Động,57.98,38,731975942X,9787319759423
BK0584,Nghệ Thuật Giao Tiếp,NXB Kim Đồng,63.35,1053,6936610242,9786936610247
BK0585,Dữ Liệu Lớn Và Phân Tích,NXB Hội Nhà Văn,65.25,2951,7752741205,9787752741207
BK0586,Lập Trình Python Cơ Bản,NXB Kim Đồng,58.09,3772,9949482968,9789949482962
BK0587,Tư Duy Phản Biện,NXB Hội Nhà Văn,74.5,4799,927796992X,9789277969920
BK0588,Khởi Nghiệp Thông Minh,NXB Trẻ,70.58,1220,7940422014,9787940422017
BK0589,Nghệ Thuật Giao Tiếp,NXB Giáo Dục,74.21,4296,5007087084,9785007087087
BK0590,Trí Tuệ Nhân Tạo Ứng Dụng,NXB Trẻ,10.93,3072,771409298X,9787714092989
BK0591,Tư Duy Phản Biện,NXB Trẻ,32.95,2817,7251418770,9787251418778
BK0592,Dữ Liệu Lớn Và Phân Tích,NXB Trẻ,33.62,3406,4872713060,9784872713060
BK0593,Marketing Số Hiện Đại,NXB Kim Đồng,52.89,651,8164524638,9788164524631
BK0594,Hành Trình Tri Thức,NXB Lao Động,74.81,3525,0403802970,9780403802975
BK0595,Khám Phá Vũ Trụ,NXB Trẻ,38.43,2533,4639177267,9784639177265
BK0596,Khám Phá Vũ Trụ,NXB Giáo Dục,47.27,493,4147325475,9784147325479
BK0597,Lập Trình Python Cơ Bản,NXB Trẻ,17.6,3945,8990897904,9788990897909
BK0598,Kỹ Năng Lãnh Đạo,NXB Trẻ,37.04,657,6016621900,9786016621903
BK0599,Hành Trình Tri Thức,NXB Kim Đồng,81.59,4885,1890862258,9781890862251
BK0600,Trí Tuệ Nhân Tạo Ứng Dụng,NXB Trẻ,12.7,2861,7399812888,9787399812889
BK0601,Trí Tuệ Nhân Tạo Ứng Dụng,NXB Giáo Dục,48.65,4079,7937576022,9787937576020
BK0602,Hành Trình Tri Thức,NXB Lao Động,66.98,2202,7061775394,9787061775399
BK0603,Lập Trình Python Cơ Bản,NXB Lao Động,15.97,4389,7310266498,9787310266494
BK0604,Khởi Nghiệp Thông Minh,NXB Trẻ,75.14,4805,5305585554,9785305585551
BK0605,Khởi Nghiệp Thông Minh,NXB Giáo Dục,34.75,2215,264852617X,9782648526173
BK0606,Lập Trình Python Cơ Bản,NXB Kim Đồng,67.17,22,8870734595,9788870734591
BK0607,Marketing Số Hiện Đại,NXB Giáo Dục,89.81,3888,0227859871,9780227859872
BK0608,Trí Tuệ Nhân Tạo Ứng Dụng,NXB Lao Động,11.67,3086,9393154929,9789393154927
BK0609,Dữ Liệu Lớn Và Phân Tích,NXB Kim Đồng,93.22,3826,7859920735,9787859920734
BK0610,Khởi Nghiệp Thông Minh,NXB Giáo Dục,80.1,1990,5326501228,9785326501226
BK0611,Hành Trình Tri Thức,NXB Kim Đồng,90.25,688,2414608463,9782414608461
BK0612,Trí Tuệ Nhân Tạo Ứng Dụng,NXB Giáo Dục,73.75,1921,8555951917,9788555951916
BK0613,Lập Trình Python Cơ Bản,NXB Giáo Dục,55.46,1384,9554089740,9789554089747
BK0614,Nghệ Thuật Giao Tiếp,NXB Trẻ,27.12,4666,6633814763,9786633814764
BK0615,Tư Duy Phản Biện,NXB Giáo Dục,19.7,1335,425790707X,9784257907077
BK0616,Khám Phá Vũ Trụ,NXB Kim Đồng,29.91,3682,0850015758,9780850015751
BK0617,Nghệ Thuật Giao Tiếp,NXB Giáo Dục,94.48,1121,0671785680,9780671785680
BK0618,Tư Duy Phản Biện,NXB Kim Đồng,51.94,2055,1378010000,9781378010006
BK0619,Tư Duy Phản Biện,NXB Giáo Dục,62.33,2661,5901992857,9785901992852
BK0620,Kỹ Năng Lãnh Đạo,NXB Lao Động,19.52,4779,1314367641,9781314367645
BK0621,Khám Phá Vũ Trụ,NXB Kim Đồng,69.91,3795,8969303081,9788969303080
BK0622,Khởi Nghiệp Thông Minh,NXB Lao Động,27.04,3475,4194426312,9784194426310
BK0623,Hành Trình Tri Thức,NXB Trẻ,45.77,4216,3310848027,9783310848029
BK0624,Marketing Số Hiện Đại,NXB Lao Động,34.8,4313,2676075160,9782676075162
BK0625,Marketing Số Hiện Đại,NXB Lao Động,94.0,4751,8616644938,9788616644931
BK0626,Khám Phá Vũ Trụ,NXB Hội Nhà Văn,16.06,4266,5479790188,9785479790188
BK0627,Trí Tuệ Nhân Tạo Ứng Dụng,NXB Giáo Dục,74.64,3649,480588827X,9784805888278
BK0628,Hành Trình Tri Thức,NXB Lao Động,58.81,841,9098379710,9789098379717
BK0629,Lập Trình Python Cơ Bản,NXB Hội Nhà Văn,47.89,3583,3204700720,9783204700723
BK0630,Tư Duy Phản Biện,NXB Lao Động,62.95,3077,3680341776,9783680341779
BK0631,Khám Phá Vũ Trụ,NXB Kim Đồng,5.02,195,3206529751,9783206529759
BK0632,Trí Tuệ Nhân Tạo Ứng Dụng,NXB Hội Nhà Văn,10.3,1751,7313429657,9787313429650
BK0633,Kỹ Năng Lãnh Đạo,NXB Giáo Dục,33.56,1595,7931148142,9787931148148
BK0634,Lập Trình Python Cơ Bản,NXB Giáo Dục,25.11,57,8708249903,9788708249907
BK0635,Nghệ Thuật Giao Tiếp,NXB Trẻ,47.42,558,9039107920,9789039107928
BK0636,Hành Trình Tri Thức,NXB Kim Đồng,61.78,3992,7567120496,9787567120495
BK0637,Trí Tuệ Nhân Tạo Ứng Dụng,NXB Trẻ,39.62,3815,0306759306,9780306759307
BK0638,Dữ Liệu Lớn Và Phân Tích,NXB Kim Đồng,65.41,726,911172286X,9789111722865
BK0639,Kỹ Năng Lãnh Đạo,NXB Hội Nhà Văn,63.39,4024,9138435314,9789138435311
BK0640,Marketing Số Hiện Đại,NXB Giáo Dục,21.07,1809,4858208176,9784858208177
BK0641,Nghệ Thuật Giao Tiếp,NXB Hội Nhà Văn,49.41,1386,3689657601,9783689657604
BK0642,Khởi Nghiệp Thông Minh,NXB Trẻ,98.96,158,9607853148,9789607853141
BK0643,Lập Trình Python Cơ Bản,NXB Hội Nhà Văn,27.05,2930,378457405X,9783784574059
BK0644,Tư Duy Phản Biện,NXB Hội Nhà Văn,87.48,3229,1535761016,9781535761017
BK0645,Trí Tuệ Nhân Tạo Ứng Dụng,NXB Lao Động,78.58,3509,6101941027,9786101941022
BK0646,Nghệ Thuật Giao Tiếp,NXB Lao Động,59.73,468,0536519625,9780536519627
BK0647,Lập Trình Python Cơ Bản,NXB Kim Đồng,5.38,2756,2214343733,9782214343739
BK0648,Dữ Liệu Lớn Và Phân Tích,NXB Hội Nhà Văn,55.46,1021,6047539289,9786047539284
BK0649,Kỹ Năng Lãnh Đạo,NXB Lao Động,9.41,1268,121614835X,9781216148359
BK0650,Hành Trình Tri Thức,NXB Trẻ,29.09,1087,8146912516,9788146912517
BK0651,Trí Tuệ Nhân Tạo Ứng Dụng,NXB Kim Đồng,36.14,1944,8037503038,9788037503039
BK0652,Marketing Số Hiện Đại,NXB Lao Động,70.08,1325,1387086383,9781387086382
BK0653,Tư Duy Phản Biện,NXB Hội Nhà Văn,92.12,2108,2691220249,9782691220240
BK0654,Dữ Liệu Lớn Và Phân Tích,NXB Kim Đồng,47.34,308,337366747X,9783373667476
BK0655,Lập Trình Python Cơ Bản,NXB Giáo Dục,33.43,4253,5486481144,9785486481147
BK0656,Marketing Số Hiện Đại,NXB Kim Đồng,54.03,127,2245823583,9782245823583
BK0657,Lập Trình Python Cơ Bản,NXB Kim Đồng,14.19,1658,2045546756,9782045546750
BK0658,Tư Duy Phản Biện,NXB Hội Nhà Văn,95.27,800,7207446810,9787207446817
BK0659,Marketing Số Hiện Đại,NXB Kim Đồng,20.95,2073,1395678405,9781395678401
BK0660,Kỹ Năng Lãnh Đạo,NXB Hội Nhà Văn,38.31,2923,9200679412,9789200679414
BK0661,Hành Trình Tri Thức,NXB Giáo Dục,46.35,2895,1182906869,9781182906861
BK0662,Dữ Liệu Lớn Và Phân Tích,NXB Hội Nhà Văn,35.13,473,479081436X,9784790814368
BK0663,Tư Duy Phản Biện,NXB Trẻ,33.71,2747,9748437671,9789748437675
BK0664,Hành Trình Tri Thức,NXB Kim Đồng,10.32,1032,6993906635,9786993906635
BK0665,Kỹ Năng Lãnh Đạo,NXB Giáo Dục,48.06,4169,5793709150,9785793709156
BK0666,Kỹ Năng Lãnh Đạo,NXB Hội Nhà Văn,24.27,2879,7884384027,9787884384020
BK0667,Tư Duy Phản Biện,NXB Hội Nhà Văn,18.23,717,3441786157,9783441786153
BK0668,Khởi Nghiệp Thông Minh,NXB Lao Động,70.67,1446,0975018884,9780975018880
BK0669,Khởi Nghiệp Thông Minh,NXB Giáo Dục,54.42,4786,2659715564,9782659715566
BK0670,Tư Duy Phản Biện,NXB Lao Động,22.05,1298,2216574589,9782216574582
BK0671,Hành Trình Tri Thức,NXB Lao Động,19.09,3688,1962129616,9781962129619
BK0672,Tư Duy Phản Biện,NXB Trẻ,42.54,3366,8900070339,9788900070330
BK0673,Kỹ Năng Lãnh Đạo,NXB Trẻ,28.17,2669,2026894779,9782026894771
BK0674,Dữ Liệu Lớn Và Phân Tích,NXB Giáo Dục,74.02,2426,392483315X,9783924833152
BK0675,Kỹ Năng Lãnh Đạo,NXB Hội Nhà Văn,32.39,969,6534413663,9786534413660
BK0676,Khám Phá Vũ Trụ,NXB Giáo Dục,36.36,366,714815491X,9787148154918
BK0677,Khởi Nghiệp Thông Minh,NXB Trẻ,34.36,1486,1607226065,9781607226062
BK0678,Marketing Số Hiện Đại,NXB Trẻ,81.66,4054,8683671321,9788683671328
BK0679,Kỹ Năng Lãnh Đạo,NXB Kim Đồng,16.84,3361,5913331052,9785913331052
BK0680,Khám Phá Vũ Trụ,NXB Giáo Dục,67.72,3307,4904940768,9784904940761
BK0681,Hành Trình Tri Thức,NXB Giáo Dục,52.09,4338,4412417697,9784412417694
BK0682,Dữ Liệu Lớn Và Phân Tích,NXB Trẻ,7.13,190,4697211766,9784697211765
BK0683,Trí Tuệ Nhân Tạo Ứng Dụng,NXB Trẻ,39.29,1760,9207960974,9789207960973
BK0684,Lập Trình Python Cơ Bản,NXB Hội Nhà Văn,39.96,167,0262123460,9780262123464
BK0685,Lập Trình Python Cơ Bản,NXB Giáo Dục,71.39,4236,801751526X,9788017515267
BK0686,Marketing Số Hiện Đại,NXB Lao Động,11.33,767,6501444551,9786501444550
BK0687,Lập Trình Python Cơ Bản,NXB Kim Đồng,23.51,3355,7282383383,9787282383380
BK0688,Khám Phá Vũ Trụ,NXB Hội Nhà Văn,98.92,4073,8387028991,9788387028992
BK0689,Tư Duy Phản Biện,NXB Hội Nhà Văn,5.37,4701,3115401205,9783115401207
BK0690,Khám Phá Vũ Trụ,NXB Giáo Dục,72.16,4547,6014524134,9786014524138
BK0691,Trí Tuệ Nhân Tạo Ứng Dụng,NXB Kim Đồng,6.67,589,4365543237,9784365543235
BK0692,Khởi Nghiệp Thông Minh,NXB Hội Nhà Văn,20.86,2646,3367346942,9783367346943
BK0693,Khám Phá Vũ Trụ,NXB Hội Nhà Văn,85.94,4978,4896776674,9784896776676
BK0694,Lập Trình Python Cơ Bản,NXB Trẻ,7.07,1470,4993697074,9784993697072
BK0695,Nghệ Thuật Giao Tiếp,NXB Hội Nhà Văn,85.04,3931,4213437299,9784213437297
BK0696,Marketing Số Hiện Đại,NXB Lao Động,12.7,1155,6647186980,9786647186987
BK0697,Trí Tuệ Nhân Tạo Ứng Dụng,NXB Hội Nhà Văn,17.84,343,042643126X,9780426431268
BK0698,Khởi Nghiệp Thông Minh,NXB Hội Nhà Văn,42.16,493,9356181209,9789356181205
BK0699,Marketing Số Hiện Đại,NXB Hội Nhà Văn,61.0,2372,9661973148,9789661973144
BK0700,Nghệ Thuật Giao Tiếp,NXB Giáo Dục,21.77,4317,903430339X,9789034303394
BK0701,Khởi Nghiệp Thông Minh,NXB Kim Đồng,89.25,821,8576392585,9788576392583
BK0702,Khám Phá Vũ Trụ,NXB Hội Nhà Văn,6.22,4805,9944332011,9789944332019
BK0703,Khởi Nghiệp Thông Minh,NXB Lao Động,57.26,101,6620519458,9786620519450
BK0704,Nghệ Thuật Giao Tiếp,NXB Lao Động,16.96,3169,4469876410,9784469876413
BK0705,Tư Duy Phản Biện,NXB Kim Đồng,45.43,1801,6221739489,9786221739486
BK0706,Khởi Nghiệp Thông Minh,NXB Lao Động,17.96,2253,2279294729,9782279294724
BK0707,Kỹ Năng Lãnh Đạo,NXB Kim Đồng,51.49,3817,9556859462,9789556859461
BK0708,Dữ Liệu Lớn Và Phân Tích,NXB Hội Nhà Văn,70.37,454,3921106877,9783921106877
BK0709,Khám Phá Vũ Trụ,NXB Trẻ,46.61,3531,5337020145,9785337020143
BK0710,Hành Trình Tri Thức,NXB Kim Đồng,70.22,2876,6194579005,9786194579003
BK0711,Hành Trình Tri Thức,NXB Giáo Dục,35.79,4597,3077507692,9783077507696
BK0712,Khởi Nghiệp Thông Minh,NXB Trẻ,81.32,1755,012782751X,9780127827513
BK0713,Hành Trình Tri Thức,NXB Trẻ,82.24,657,5924801756,9785924801759
BK0714,Kỹ Năng Lãnh Đạo,NXB Giáo Dục,24.05,349,8506628873,9788506628874
BK0715,Hành Trình Tri Thức,NXB Lao Động,39.97,4668,5518215657,9785518215658
BK0716,Trí Tuệ Nhân Tạo Ứng Dụng,NXB Kim Đồng,29.33,2675,8680779679,9788680779676
BK0717,Marketing Số Hiện Đại,NXB Kim Đồng,29.34,2023,6120376895,9786120376898
BK0718,Nghệ Thuật Giao Tiếp,NXB Hội Nhà Văn,83.5,3076,9151227797,9789151227795
BK0719,Khám Phá Vũ Trụ,NXB Kim Đồng,55.82,4012,2375885791,9782375885796
BK0720,Khám Phá Vũ Trụ,NXB Kim Đồng,75.34,3156,3248565500,9783248565500
BK0721,Dữ Liệu Lớn Và Phân Tích,NXB Lao Động,26.37,3839,4955249574,9784955249578
BK0722,Khởi Nghiệp Thông Minh,NXB Kim Đồng,94.47,2099,3213175900,9783213175901
BK0723,Lập Trình Python Cơ Bản,NXB Hội Nhà Văn,56.0,2585,5552731794,9785552731794
BK0724,Dữ Liệu Lớn Và Phân Tích,NXB Trẻ,38.15,2320,0670536598,9780670536597
BK0725,Kỹ Năng Lãnh Đạo,NXB Hội Nhà Văn,81.38,3838,7594904427,9787594904426
BK0726,Nghệ Thuật Giao Tiếp,NXB Hội Nhà Văn,77.27,3756,1309666776,9781309666777
BK0727,Tư Duy Phản Biện,NXB Trẻ,16.78,4933,4671883376,9784671883377
BK0728,Tư Duy Phản Biện,NXB Lao Động,88.92,4342,0275454320,9780275454326
BK0729,Khởi Nghiệp Thông Minh,NXB Lao Động,66.84,3781,3080819632,9783080819632
BK0730,Hành Trình Tri Thức,NXB Hội Nhà Văn,33.86,1843,5803498033,9785803498032
BK0731,Marketing Số Hiện Đại,NXB Giáo Dục,22.1,4560,9081903357,9789081903356
BK0732,Kỹ Năng Lãnh Đạo,NXB Trẻ,96.55,2256,8365061007,9788365061003
BK0733,Nghệ Thuật Giao Tiếp,NXB Hội Nhà Văn,36.97,2470,3834681415,9783834681416
BK0734,Nghệ Thuật Giao Tiếp,NXB Kim Đồng,95.99,2236,5281441108,9785281441100
BK0735,Khám Phá Vũ Trụ,NXB Lao Động,52.53,1039,6645318359,9786645318359
BK0736,Khởi Nghiệp Thông Minh,NXB Kim Đồng,24.86,2442,5779696195,9785779696197
BK0737,Trí Tuệ Nhân Tạo Ứng Dụng,NXB Hội Nhà Văn,56.07,3243,6728017526,9786728017520
BK0738,Trí Tuệ Nhân Tạo Ứng Dụng,NXB Lao Động,72.72,3541,7789446746,9787789446748
BK0739,Marketing Số Hiện Đại,NXB Kim Đồng,34.45,3694,5364207129,9785364207128
BK0740,Trí Tuệ Nhân Tạo Ứng Dụng,NXB Giáo Dục,32.45,3518,8090406580,9788090406582
BK0741,Lập Trình Python Cơ Bản,NXB Trẻ,36.31,521,315594837X,9783155948373
BK0742,Tư Duy Phản Biện,NXB Trẻ,49.83,1547,715965093X,9787159650935
BK0743,Trí Tuệ Nhân Tạo Ứng Dụng,NXB Giáo Dục,45.22,3591,9183012109,9789183012109
BK0744,Khởi Nghiệp Thông Minh,NXB Hội Nhà Văn,36.62,4681,0790584883,9780790584881
BK0745,Hành Trình Tri Thức,NXB Lao Động,35.28,739,767432401X,9787674324014
BK0746,Khám Phá Vũ Trụ,NXB Trẻ,57.82,2079,8205793719,9788205793712
BK0747,Lập Trình Python Cơ Bản,NXB Kim Đồng,88.11,4516,9468783219,9789468783212
BK0748,Hành Trình Tri Thức,NXB Kim Đồng,56.89,1084,9003261407,9789003261403
BK0749,Tư Duy Phản Biện,NXB Kim Đồng,44.57,1879,2532988266,9782532988261
BK0750,Trí Tuệ Nhân Tạo Ứng Dụng,NXB Hội Nhà Văn,77.64,821,8620816853,9788620816850
BK0751,Nghệ Thuật Giao Tiếp,NXB Hội Nhà Văn,10.51,2487,2519861118,9782519861112
BK0752,Hành Trình Tri Thức,NXB Giáo Dục,68.24,1020,7696432389,9787696432384
BK0753,Khám Phá Vũ Trụ,NXB Giáo Dục,16.86,350,5221394359,9785221394350
BK0754,Khám Phá Vũ Trụ,NXB Lao Động,28.52,134,1291514457,9781291514452
BK0755,Marketing Số Hiện Đại,NXB Hội Nhà Văn,13.97,2323,774282051X,9787742820516
BK0756,Trí Tuệ Nhân Tạo Ứng Dụng,NXB Hội Nhà Văn,87.02,1027,4560813825,9784560813829
BK0757,Hành Trình Tri Thức,NXB Hội Nhà Văn,31.89,1380,9550296229,9789550296224
BK0758,Marketing Số Hiện Đại,NXB Hội Nhà Văn,91.24,2633,6383124315,9786383124311
BK0759,Khám Phá Vũ Trụ,NXB Kim Đồng,89.34,3761,4258446068,9784258446063
BK0760,Dữ Liệu Lớn Và Phân Tích,NXB Lao Động,66.03,428,5771182532,9785771182537
BK0761,Dữ Liệu Lớn Và Phân Tích,NXB Giáo Dục,44.86,206,5135754091,9785135754097
BK0762,Trí Tuệ Nhân Tạo Ứng Dụng,NXB Lao Động,29.29,3647,4020647631,9784020647636
BK0763,Marketing Số Hiện Đại,NXB Giáo Dục,70.3,4508,5008343122,9785008343120
BK0764,Dữ Liệu Lớn Và Phân Tích,NXB Trẻ,55.99,4774,1750751259,9781750751251
BK0765,Khám Phá Vũ Trụ,NXB Giáo Dục,27.95,422,0773593640,9780773593640
BK0766,Hành Trình Tri Thức,NXB Lao Động,13.3,1626,7081116302,9787081116301
BK0767,Dữ Liệu Lớn Và Phân Tích,NXB Hội Nhà Văn,48.26,1269,7773712506,9787773712507
BK0768,Khám Phá Vũ Trụ,NXB Kim Đồng,70.58,173,5280242594,9785280242593
BK0769,Khởi Nghiệp Thông Minh,NXB Kim Đồng,28.91,487,0719998581,9780719998584
BK0770,Hành Trình Tri Thức,NXB Hội Nhà Văn,69.05,4836,420960061X,9784209600612
BK0771,Khám Phá Vũ Trụ,NXB Hội Nhà Văn,92.34,289,4615303629,9784615303626
BK0772,Lập Trình Python Cơ Bản,NXB Hội Nhà Văn,28.11,273,9541832644,9789541832646
BK0773,Trí Tuệ Nhân Tạo Ứng Dụng,NXB Trẻ,39.99,3873,4196579930,9784196579939
BK0774,Kỹ Năng Lãnh Đạo,NXB Lao Động,98.67,927,7526444521,9787526444525
BK0775,Marketing Số Hiện Đại,NXB Giáo Dục,66.05,1812,1673306780,9781673306781
BK0776,Khám Phá Vũ Trụ,NXB Kim Đồng,78.66,3709,3911598319,9783911598316
BK0777,Hành Trình Tri Thức,NXB Lao Động,66.9,722,4216102484,9784216102482
BK0778,Hành Trình Tri Thức,NXB Giáo Dục,56.83,4848,5248276306,9785248276301
BK0779,Tư Duy Phản Biện,NXB Lao Động,83.96,4807,6773658241,9786773658242
BK0780,Hành Trình Tri Thức,NXB Lao Động,18.41,240,7090840476,9787090840471
BK0781,Dữ Liệu Lớn Và Phân Tích,NXB Trẻ,87.52,4550,0693331615,9780693331612
BK0782,Kỹ Năng Lãnh Đạo,NXB Lao Động,23.86,1094,7881553340,9787881553344
BK0783,Dữ Liệu Lớn Và Phân Tích,NXB Trẻ,41.93,356,0957263171,9780957263178
BK0784,Dữ Liệu Lớn Và Phân Tích,NXB Hội Nhà Văn,46.0,63,0476355338,9780476355330
BK0785,Khám Phá Vũ Trụ,NXB Trẻ,37.89,3858,8904327911,9788904327911
BK0786,Khởi Nghiệp Thông Minh,NXB Lao Động,51.91,3611,9346931302,9789346931308
BK0787,Trí Tuệ Nhân Tạo Ứng Dụng,NXB Kim Đồng,69.05,4767,0635037572,9780635037572
BK0788,Khởi Nghiệp Thông Minh,NXB Lao Động,5.99,3990,7859516047,9787859516043
BK0789,Tư Duy Phản Biện,NXB Kim Đồng,63.32,4273,8729000203,9788729000204
BK0790,Khám Phá Vũ Trụ,NXB Lao Động,46.08,2475,5035085570,9785035085574
BK0791,Tư Duy Phản Biện,NXB Giáo Dục,70.06,2382,0481611509,9780481611506
BK0792,Marketing Số Hiện Đại,NXB Giáo Dục,46.03,479,1567627102,9781567627107
BK0793,Trí Tuệ Nhân Tạo Ứng Dụng,NXB Lao Động,47.88,87,5147697136,9785147697139
BK0794,Kỹ Năng Lãnh Đạo,NXB Trẻ,64.55,617,2382919248,9782382919248
BK0795,Marketing Số Hiện Đại,NXB Giáo Dục,58.03,2539,0940092204,9780940092204
BK0796,Lập Trình Python Cơ Bản,NXB Giáo Dục,92.34,1980,8143541193,9788143541192
BK0797,Hành Trình Tri Thức,NXB Giáo Dục,97.7,3980,1188754467,9781188754466
BK0798,Dữ Liệu Lớn Và Phân Tích,NXB Trẻ,68.48,1465,268667508X,9782686675086
BK0799,Trí Tuệ Nhân Tạo Ứng Dụng,NXB Lao Động,92.2,1997,2864054124,9782864054122
BK0800,Tư Duy Phản Biện,NXB Kim Đồng,49.37,31,2885583487,9782885583489
BK0801,Nghệ Thuật Giao Tiếp,NXB Lao Động,82.03,690,6421468330,9786421468339
BK0802,Khám Phá Vũ Trụ,NXB Giáo Dục,26.35,346,9771591886,9789771591887
BK0803,Nghệ Thuật Giao Tiếp,NXB Lao Động,49.67,1318,5758112690,9785758112694
BK0804,Dữ Liệu Lớn Và Phân Tích,NXB Giáo Dục,71.33,134,5131527201,9785131527206
BK0805,Nghệ Thuật Giao Tiếp,NXB Trẻ,10.51,1534,6354433143,9786354433145
BK0806,Khám Phá Vũ Trụ,NXB Trẻ,34.45,4901,6349247302,9786349247306
BK0807,Khởi Nghiệp Thông Minh,NXB Lao Động,20.8,4139,1736054546,9781736054543
BK0808,Hành Trình Tri Thức,NXB Hội Nhà Văn,29.27,3334,0484645471,9780484645478
BK0809,Marketing Số Hiện Đại,NXB Trẻ,84.2,3035,5712973820,9785712973828
BK0810,Tư Duy Phản Biện,NXB Lao Động,63.23,67,4893898558,9784893898555
BK0811,Trí Tuệ Nhân Tạo Ứng Dụng,NXB Trẻ,73.25,2269,3211728414,9783211728413
BK0812,Dữ Liệu Lớn Và Phân Tích,NXB Hội Nhà Văn,79.88,2521,5969966355,9785969966352
BK0813,Khám Phá Vũ Trụ,NXB Trẻ,94.17,3185,6144463879,9786144463871
BK0814,Khám Phá Vũ Trụ,NXB Giáo Dục,16.88,1113,6338353904,9786338353902
BK0815,Marketing Số Hiện Đại,NXB Kim Đồng,6.49,501,9679962997,9789679962994
BK0816,Marketing Số Hiện Đại,NXB Giáo Dục,32.03,1080,2092140671,9782092140673
BK0817,Khởi Nghiệp Thông Minh,NXB Giáo Dục,77.39,1081,8798476645,9788798476641
BK0818,Marketing Số Hiện Đại,NXB Trẻ,11.56,59,273637102X,9782736371029
BK0819,Nghệ Thuật Giao Tiếp,NXB Kim Đồng,49.82,2101,6035030793,9786035030793
BK0820,Nghệ Thuật Giao Tiếp,NXB Hội Nhà Văn,92.43,908,7433757325,9787433757329
BK0821,Nghệ Thuật Giao Tiếp,NXB Hội Nhà Văn,71.74,3705,4421761214,9784421761214
BK0822,Lập Trình Python Cơ Bản,NXB Trẻ,81.64,1842,4151766979,9784151766978
BK0823,Hành Trình Tri Thức,NXB Lao Động,39.53,1055,7224885525,9787224885521
BK0824,Dữ Liệu Lớn Và Phân Tích,NXB Giáo Dục,62.04,2730,9279655817,9789279655814
BK0825,Lập Trình Python Cơ Bản,NXB Lao Động,59.93,3708,3192458623,9783192458620
BK0826,Lập Trình Python Cơ Bản,NXB Kim Đồng,94.46,3917,8146030351,9788146030358
BK0827,Hành Trình Tri Thức,NXB Kim Đồng,58.76,1119,5363745259,9785363745256
BK0828,Khám Phá Vũ Trụ,NXB Kim Đồng,20.37,2778,9074199488,9789074199483
BK0829,Dữ Liệu Lớn Và Phân Tích,NXB Trẻ,18.92,4145,4229923686,9784229923685
BK0830,Trí Tuệ Nhân Tạo Ứng Dụng,NXB Hội Nhà Văn,81.29,4489,1238350097,9781238350099
BK0831,Dữ Liệu Lớn Và Phân Tích,NXB Trẻ,68.2,3830,3335337514,9783335337515
BK0832,Kỹ Năng Lãnh Đạo,NXB Trẻ,51.88,1798,8661130468,9788661130465
BK0833,Lập Trình Python Cơ Bản,NXB Kim Đồng,16.26,4952,8302978507,9788302978500
BK0834,Dữ Liệu Lớn Và Phân Tích,NXB Trẻ,77.84,1431,7503760613,9787503760617
BK0835,Khám Phá Vũ Trụ,NXB Lao Động,97.9,4370,3021162525,9783021162520
BK0836,Trí Tuệ Nhân Tạo Ứng Dụng,NXB Giáo Dục,6.17,1907,3564017895,9783564017899
BK0837,Khởi Nghiệp Thông Minh,NXB Giáo Dục,93.41,3232,2400632049,9782400632043
BK0838,Nghệ Thuật Giao Tiếp,NXB Giáo Dục,63.23,1752,1850119066,9781850119067
BK0839,Hành Trình Tri Thức,NXB Kim Đồng,15.01,31,1709194154,9781709194153
BK0840,Trí Tuệ Nhân Tạo Ứng Dụng,NXB Giáo Dục,15.67,204,5731570949,9785731570947
BK0841,Khám Phá Vũ Trụ,NXB Hội Nhà Văn,47.62,1052,5299405529,9785299405521
BK0842,Kỹ Năng Lãnh Đạo,NXB Trẻ,40.51,61,1197735496,9781197735494
BK0843,Dữ Liệu Lớn Và Phân Tích,NXB Hội Nhà Văn,18.95,2512,7226078910,9787226078914
BK0844,Marketing Số Hiện Đại,NXB Trẻ,94.61,2484,7042577086,9787042577080
BK0845,Khởi Nghiệp Thông Minh,NXB Hội Nhà Văn,67.99,3991,4835237773,9784835237770
BK0846,Khởi Nghiệp Thông Minh,NXB Lao Động,8.14,3103,9978706941,9789978706947
BK0847,Marketing Số Hiện Đại,NXB Hội Nhà Văn,55.9,2479,341522645X,9783415226456
BK0848,Trí Tuệ Nhân Tạo Ứng Dụng,NXB Kim Đồng,21.65,713,5097996577,9785097996573
BK0849,Nghệ Thuật Giao Tiếp,NXB Giáo Dục,97.88,1978,8611939808,9788611939803
BK0850,Khởi Nghiệp Thông Minh,NXB Hội Nhà Văn,88.39,1529,4387989440,9784387989448
BK0851,Khám Phá Vũ Trụ,NXB Trẻ,57.34,4669,9903916388,9789903916380
BK0852,Lập Trình Python Cơ Bản,NXB Lao Động,76.31,3707,8917943136,9788917943139
BK0853,Hành Trình Tri Thức,NXB Trẻ,16.84,4825,7335117712,9787335117719
BK0854,Kỹ Năng Lãnh Đạo,NXB Trẻ,68.63,1894,4415218830,9784415218830
BK0855,Nghệ Thuật Giao Tiếp,NXB Lao Động,84.17,2617,9359071609,9789359071602
BK0856,Marketing Số Hiện Đại,NXB Hội Nhà Văn,33.25,177,3784947182,9783784947181
BK0857,Lập Trình Python Cơ Bản,NXB Kim Đồng,26.8,3760,0012444782,9780012444788
BK0858,Nghệ Thuật Giao Tiếp,NXB Giáo Dục,14.26,578,6842491045,9786842491046
BK0859,Lập Trình Python Cơ Bản,NXB Trẻ,14.92,3378,5809270441,9785809270441
BK0860,Dữ Liệu Lớn Và Phân Tích,NXB Trẻ,62.85,2265,0970112149,9780970112149
BK0861,Marketing Số Hiện Đại,NXB Hội Nhà Văn,83.2,1208,8727569942,9788727569949
BK0862,Dữ Liệu Lớn Và Phân Tích,NXB Giáo Dục,64.91,2924,3961180970,9783961180974
BK0863,Hành Trình Tri Thức,NXB Giáo Dục,32.46,1582,1550189638,9781550189636
BK0864,Tư Duy Phản Biện,NXB Lao Động,49.75,515,0724150897,9780724150892
BK0865,Tư Duy Phản Biện,NXB Giáo Dục,34.76,3195,7400045075,9787400045077
BK0866,Nghệ Thuật Giao Tiếp,NXB Lao Động,79.63,3935,350501107X,9783505011078
BK0867,Marketing Số Hiện Đại,NXB Hội Nhà Văn,16.97,2134,5635103553,9785635103555
BK0868,Dữ Liệu Lớn Và Phân Tích,NXB Lao Động,97.49,691,6295087817,9786295087810
BK0869,Trí Tuệ Nhân Tạo Ứng Dụng,NXB Hội Nhà Văn,81.2,4720,6323198339,9786323198334
BK0870,Marketing Số Hiện Đại,NXB Lao Động,69.34,1709,2029533599,9782029533592
BK0871,Khám Phá Vũ Trụ,NXB Giáo Dục,47.31,3738,5328577337,9785328577335
BK0872,Lập Trình Python Cơ Bản,NXB Hội Nhà Văn,47.04,3216,875182552X,9788751825523
BK0873,Dữ Liệu Lớn Và Phân Tích,NXB Trẻ,71.98,2599,1448890969,9781448890965
BK0874,Khám Phá Vũ Trụ,NXB Trẻ,23.69,3063,5340720519,9785340720511
BK0875,Kỹ Năng Lãnh Đạo,NXB Hội Nhà Văn,7.99,3908,0503504793,9780503504793
BK0876,Hành Trình Tri Thức,NXB Trẻ,74.77,128,0571115950,9780571115952
BK0877,Nghệ Thuật Giao Tiếp,NXB Hội Nhà Văn,78.25,3401,1801569037,9781801569033
BK0878,Trí Tuệ Nhân Tạo Ứng Dụng,NXB Giáo Dục,16.66,4903,4997371653,9784997371657
BK0879,Nghệ Thuật Giao Tiếp,NXB Hội Nhà Văn,77.94,1676,6639229692,9786639229692
BK0880,Nghệ Thuật Giao Tiếp,NXB Lao Động,22.79,2612,9223635845,9789223635848
BK0881,Trí Tuệ Nhân Tạo Ứng Dụng,NXB Lao Động,76.49,2044,3303228957,9783303228951
BK0882,Nghệ Thuật Giao Tiếp,NXB Hội Nhà Văn,34.78,360,6917362409,9786917362400
BK0883,Trí Tuệ Nhân Tạo Ứng Dụng,NXB Kim Đồng,99.1,2285,0462352196,9780462352190
BK0884,Marketing Số Hiện Đại,NXB Trẻ,66.11,2957,4334959318,9784334959319
BK0885,Tư Duy Phản Biện,NXB Kim Đồng,79.53,4246,6870080151,9786870080151
BK0886,Marketing Số Hiện Đại,NXB Trẻ,90.06,549,7478149243,9787478149240
BK0887,Kỹ Năng Lãnh Đạo,NXB Kim Đồng,12.68,38,5296118421,9785296118424
BK0888,Kỹ Năng Lãnh Đạo,NXB Hội Nhà Văn,36.24,1457,7209393072,9787209393072
BK0889,Kỹ Năng Lãnh Đạo,NXB Giáo Dục,13.92,4065,2463167823,9782463167827
BK0890,Hành Trình Tri Thức,NXB Giáo Dục,63.18,855,7684458671,9787684458679
BK0891,Marketing Số Hiện Đại,NXB Lao Động,56.98,4409,3219868029,9783219868029
BK0892,Marketing Số Hiện Đại,NXB Hội Nhà Văn,87.84,2189,8104632663,9788104632662
BK0893,Nghệ Thuật Giao Tiếp,NXB Lao Động,52.12,1810,2338702174,9782338702177
BK0894,Dữ Liệu Lớn Và Phân Tích,NXB Trẻ,40.86,4150,3145067206,9783145067206
BK0895,Khám Phá Vũ Trụ,NXB Hội Nhà Văn,9.84,412,5002115284,9785002115280
BK0896,Kỹ Năng Lãnh Đạo,NXB Lao Động,62.25,2390,2486211756,9782486211750
BK0897,Marketing Số Hiện Đại,NXB Lao Động,54.52,3577,5841610929,9785841610922
BK0898,Trí Tuệ Nhân Tạo Ứng Dụng,NXB Giáo Dục,12.44,3104,6846031480,9786846031484
BK0899,Hành Trình Tri Thức,NXB Kim Đồng,38.57,4055,6849593927,9786849593927
BK0900,Tư Duy Phản Biện,NXB Giáo Dục,67.29,4073,3416190033,9783416190039
BK0901,Dữ Liệu Lớn Và Phân Tích,NXB Lao Động,47.69,1904,0546043429,9780546043426
BK0902,Lập Trình Python Cơ Bản,NXB Trẻ,20.69,1108,9405060899,9789405060895
BK0903,Hành Trình Tri Thức,NXB Lao Động,54.1,2654,058894761X,9780588947614
BK0904,Tư Duy Phản Biện,NXB Lao Động,75.28,4499,8305625648,9788305625647
BK0905,Trí Tuệ Nhân Tạo Ứng Dụng,NXB Kim Đồng,86.86,643,4303493015,9784303493011
BK0906,Kỹ Năng Lãnh Đạo,NXB Trẻ,30.56,4095,9292582313,9789292582319
BK0907,Lập Trình Python Cơ Bản,NXB Giáo Dục,9.9,2774,0442421028,9780442421021
BK0908,Lập Trình Python Cơ Bản,NXB Giáo Dục,73.78,4634,6994965740,9786994965747
BK0909,Trí Tuệ Nhân Tạo Ứng Dụng,NXB Trẻ,6.9,965,3857335084,9783857335082
BK0910,Khởi Nghiệp Thông Minh,NXB Hội Nhà Văn,99.21,3907,9551020049,9789551020040
BK0911,Marketing Số Hiện Đại,NXB Lao Động,9.23,2679,0294823859,9780294823851
BK0912,Hành Trình Tri Thức,NXB Kim Đồng,17.33,3792,8147207158,9788147207155
BK0913,Khám Phá Vũ Trụ,NXB Giáo Dục,97.67,2706,675708161X,9786757081615
BK0914,Lập Trình Python Cơ Bản,NXB Lao Động,73.41,567,4532526280,9784532526283
BK0915,Kỹ Năng Lãnh Đạo,NXB Trẻ,12.36,1883,7846449206,9787846449200
BK0916,Khởi Nghiệp Thông Minh,NXB Giáo Dục,26.79,2209,341683741X,9783416837415
BK0917,Nghệ Thuật Giao Tiếp,NXB Trẻ,43.91,1117,097722497X,9780977224975
BK0918,Dữ Liệu Lớn Và Phân Tích,NXB Giáo Dục,27.26,3697,0919733840,9780919733848
BK0919,Khởi Nghiệp Thông Minh,NXB Kim Đồng,86.68,1461,5836990832,9785836990831
BK0920,Khởi Nghiệp Thông Minh,NXB Giáo Dục,21.69,3549,9800137564,9789800137567
BK0921,Khởi Nghiệp Thông Minh,NXB Lao Động,97.89,4882,4999010275,9784999010271
BK0922,Hành Trình Tri Thức,NXB Lao Động,67.13,4660,1015020984,9781015020986
BK0923,Marketing Số Hiện Đại,NXB Giáo Dục,43.83,4688,7120925601,9787120925604
BK0924,Kỹ Năng Lãnh Đạo,NXB Hội Nhà Văn,73.57,2218,6190789242,9786190789246
BK0925,Marketing Số Hiện Đại,NXB Lao Động,10.09,2987,319064277X,9783190642779
BK0926,Marketing Số Hiện Đại,NXB Lao Động,28.63,3801,8465554749,9788465554740
BK0927,Tư Duy Phản Biện,NXB Kim Đồng,17.78,120,9912323661,9789912323667
BK0928,Trí Tuệ Nhân Tạo Ứng Dụng,NXB Lao Động,34.94,865,5417371718,9785417371714
BK0929,Marketing Số Hiện Đại,NXB Kim Đồng,99.82,2876,7423478024,9787423478029
BK0930,Kỹ Năng Lãnh Đạo,NXB Giáo Dục,37.47,3636,1597364053,9781597364058
BK0931,Dữ Liệu Lớn Và Phân Tích,NXB Lao Động,6.93,588,8546315213,9788546315215
BK0932,Khởi Nghiệp Thông Minh,NXB Trẻ,19.75,4466,7850050479,9787850050478
BK0933,Hành Trình Tri Thức,NXB Trẻ,59.91,724,2467243028,9782467243022
BK0934,Kỹ Năng Lãnh Đạo,NXB Hội Nhà Văn,38.79,3548,0637125894,9780637125895
BK0935,Hành Trình Tri Thức,NXB Kim Đồng,7.06,920,8567565456,9788567565453
BK0936,Khám Phá Vũ Trụ,NXB Trẻ,23.68,2375,4346155405,9784346155402
BK0937,Khám Phá Vũ Trụ,NXB Trẻ,57.0,4533,3172208028,9783172208023
BK0938,Khám Phá Vũ Trụ,NXB Hội Nhà Văn,41.59,2473,2810986118,9782810986118
BK0939,Trí Tuệ Nhân Tạo Ứng Dụng,NXB Kim Đồng,88.2,4886,5849776567,9785849776569
BK0940,Marketing Số Hiện Đại,NXB Trẻ,73.31,4152,826000125X,9788260001258
BK0941,Dữ Liệu Lớn Và Phân Tích,NXB Lao Động,45.85,928,0066740207,9780066740201
BK0942,Lập Trình Python Cơ Bản,NXB Hội Nhà Văn,43.4,897,2113446553,9782113446555
BK0943,Dữ Liệu Lớn Và Phân Tích,NXB Lao Động,42.73,3094,2373471639,9782373471632
BK0944,Kỹ Năng Lãnh Đạo,NXB Lao Động,57.45,3213,0563836849,9780563836841
BK0945,Dữ Liệu Lớn Và Phân Tích,NXB Giáo Dục,64.27,4356,9441979775,9789441979779
BK0946,Hành Trình Tri Thức,NXB Giáo Dục,62.15,3172,8309262698,9788309262695
BK0947,Khởi Nghiệp Thông Minh,NXB Giáo Dục,99.89,3693,6983390202,9786983390208
BK0948,Tư Duy Phản Biện,NXB Hội Nhà Văn,11.7,1123,2075942412,9782075942416
BK0949,Tư Duy Phản Biện,NXB Hội Nhà Văn,52.73,2093,5173518308,9785173518309
BK0950,Hành Trình Tri Thức,NXB Kim Đồng,29.97,1095,6102244966,9786102244962
BK0951,Kỹ Năng Lãnh Đạo,NXB Hội Nhà Văn,90.97,3890,9530794630,9789530794634
BK0952,Marketing Số Hiện Đại,NXB Kim Đồng,95.3,655,2805230205,9782805230202
BK0953,Tư Duy Phản Biện,NXB Trẻ,51.39,3685,2611650306,9782611650300
BK0954,Khởi Nghiệp Thông Minh,NXB Lao Động,57.56,1521,894657089X,9788946570894
BK0955,Dữ Liệu Lớn Và Phân Tích,NXB Lao Động,68.54,4791,825524221X,9788255242215
BK0956,Lập Trình Python Cơ Bản,NXB Giáo Dục,58.81,1537,706334207X,9787063342070
BK0957,Marketing Số Hiện Đại,NXB Kim Đồng,25.95,1173,6506736003,9786506736001
BK0958,Trí Tuệ Nhân Tạo Ứng Dụng,NXB Giáo Dục,37.37,2013,219077165X,9782190771656
BK0959,Khám Phá Vũ Trụ,NXB Lao Động,64.24,4553,1869492285,9781869492281
BK0960,Kỹ Năng Lãnh Đạo,NXB Trẻ,31.53,353,8187011939,9788187011934
BK0961,Lập Trình Python Cơ Bản,NXB Giáo Dục,92.26,1718,7925494328,9787925494329
BK0962,Trí Tuệ Nhân Tạo Ứng Dụng,NXB Kim Đồng,24.57,4995,4655377399,9784655377397
BK0963,Kỹ Năng Lãnh Đạo,NXB Kim Đồng,10.38,2670,0230621090,9780230621091
BK0964,Dữ Liệu Lớn Và Phân Tích,NXB Kim Đồng,50.1,3008,6055506882,9786055506889
BK0965,Hành Trình Tri Thức,NXB Trẻ,63.15,644,9126895498,9789126895493
BK0966,Marketing Số Hiện Đại,NXB Trẻ,42.03,2715,0424205432,9780424205434
BK0967,Hành Trình Tri Thức,NXB Giáo Dục,85.87,735,3341757554,9783341757550
BK0968,Tư Duy Phản Biện,NXB Lao Động,60.15,3818,0241766427,9780241766422
BK0969,Lập Trình Python Cơ Bản,NXB Lao Động,73.33,384,2662465050,9782662465052
BK0970,Khởi Nghiệp Thông Minh,NXB Hội Nhà Văn,92.21,597,1434915867,9781434915863
BK0971,Marketing Số Hiện Đại,NXB Kim Đồng,5.42,3681,9241567759,9789241567756
BK0972,Khám Phá Vũ Trụ,NXB Trẻ,38.31,4802,2930175125,9782930175126
BK0973,Tư Duy Phản Biện,NXB Lao Động,48.62,3273,8605727772,9788605727775
BK0974,Nghệ Thuật Giao Tiếp,NXB Hội Nhà Văn,52.05,4854,9416511137,9789416511133
BK0975,Tư Duy Phản Biện,NXB Kim Đồng,80.47,4676,1395535515,9781395535513
BK0976,Marketing Số Hiện Đại,NXB Kim Đồng,71.99,2224,7243262155,9787243262150
BK0977,Khám Phá Vũ Trụ,NXB Kim Đồng,17.38,4057,0803782209,9780803782204
BK0978,Dữ Liệu Lớn Và Phân Tích,NXB Hội Nhà Văn,10.16,9,9369383565,9789369383566
BK0979,Trí Tuệ Nhân Tạo Ứng Dụng,NXB Hội Nhà Văn,8.05,104,0115991247,9780115991240
BK0980,Marketing Số Hiện Đại,NXB Hội Nhà Văn,25.35,1466,4097283774,9784097283775
BK0981,Kỹ Năng Lãnh Đạo,NXB Hội Nhà Văn,59.79,18,4939244660,9784939244667
BK0982,Lập Trình Python Cơ Bản,NXB Trẻ,24.96,1830,9332700230,9789332700239
BK0983,Trí Tuệ Nhân Tạo Ứng Dụng,NXB Giáo Dục,24.4,392,8797541621,9788797541623
BK0984,Khởi Nghiệp Thông Minh,NXB Hội Nhà Văn,44.31,432,9287726159,9789287726155
BK0985,Khám Phá Vũ Trụ,NXB Lao Động,54.38,4713,5685670877,9785685670878
BK0986,Khởi Nghiệp Thông Minh,NXB Giáo Dục,6.23,4551,1633940632,9781633940635
BK0987,Marketing Số Hiện Đại,NXB Lao Động,59.47,245,4622351188,9784622351184
BK0988,Lập Trình Python Cơ Bản,NXB Giáo Dục,64.4,3378,7459279226,9787459279225
BK0989,Kỹ Năng Lãnh Đạo,NXB Hội Nhà Văn,35.27,4272,2485709424,9782485709425
BK0990,Khám Phá Vũ Trụ,NXB Kim Đồng,87.91,3288,3819086595,9783819086595
BK0991,Tư Duy Phản Biện,NXB Giáo Dục,56.42,129,8159216114,9788159216114
BK0992,Tư Duy Phản Biện,NXB Lao Động,53.65,1898,8813417225,9788813417222
BK0993,Hành Trình Tri Thức,NXB Kim Đồng,87.92,3625,1045541621,9781045541628
BK0994,Trí Tuệ Nhân Tạo Ứng Dụng,NXB Lao Động,43.11,1064,2747841995,9782747841993
BK0995,Kỹ Năng Lãnh Đạo,NXB Hội Nhà Văn,26.78,3709,1288556969,9781288556960
BK0996,Hành Trình Tri Thức,NXB Hội Nhà Văn,17.62,3147,4466222770,9784466222770
BK0997,Nghệ Thuật Giao Tiếp,NXB Hội Nhà Văn,7.42,4947,9294245764,9789294245762
BK0998,Trí Tuệ Nhân Tạo Ứng Dụng,NXB Lao Động,50.59,2222,1151133051,9781151133052
BK0999,Dữ Liệu Lớn Và Phân Tích,NXB Hội Nhà Văn,38.59,2824,9822509774,9789822509779
BK1000,Khám Phá Vũ Trụ,NXB Giáo Dục,17.65,1520,0154662410,9780154662415
